Id,ActP__variance_larger_than_standard_deviation,ActP__sum_values,ActP__mean_abs_change,ActP__mean_change,ActP__median,ActP__mean,ActP__length,ActP__standard_deviation,ActP__variation_coefficient,ActP__variance,ActP__skewness,ActP__kurtosis,ActP__root_mean_square,ActP__count_above_mean,ActP__count_below_mean,ActP__maximum,ActP__absolute_maximum,ActP__minimum,ActP__number_peaks__n_5,"ActP__fft_aggregated__aggtype_""centroid""","ActP__fft_aggregated__aggtype_""variance""","ActP__fft_aggregated__aggtype_""skew""","ActP__fft_aggregated__aggtype_""kurtosis""",ActP__fourier_entropy__bins_5,ActP__fourier_entropy__bins_10,Current__variance_larger_than_standard_deviation,Current__sum_values,Current__mean_abs_change,Current__mean_change,Current__median,Current__mean,Current__length,Current__standard_deviation,Current__variation_coefficient,Current__variance,Current__skewness,Current__kurtosis,Current__root_mean_square,Current__count_above_mean,Current__count_below_mean,Current__maximum,Current__absolute_maximum,Current__minimum,Current__number_peaks__n_5,"Current__fft_aggregated__aggtype_""centroid""","Current__fft_aggregated__aggtype_""variance""","Current__fft_aggregated__aggtype_""skew""","Current__fft_aggregated__aggtype_""kurtosis""",Current__fourier_entropy__bins_5,Current__fourier_entropy__bins_10,Vibration__variance_larger_than_standard_deviation,Vibration__sum_values,Vibration__mean_abs_change,Vibration__mean_change,Vibration__median,Vibration__mean,Vibration__length,Vibration__standard_deviation,Vibration__variation_coefficient,Vibration__variance,Vibration__skewness,Vibration__kurtosis,Vibration__root_mean_square,Vibration__count_above_mean,Vibration__count_below_mean,Vibration__maximum,Vibration__absolute_maximum,Vibration__minimum,Vibration__number_peaks__n_5,"Vibration__fft_aggregated__aggtype_""centroid""","Vibration__fft_aggregated__aggtype_""variance""","Vibration__fft_aggregated__aggtype_""skew""","Vibration__fft_aggregated__aggtype_""kurtosis""",Vibration__fourier_entropy__bins_5,Vibration__fourier_entropy__bins_10
2022-06-22_06.46.00_2022-06-22_08.30.00,1,3890216,5.478669802,0,1913,1306.318334,2978,893.7522126,0.684176429,798793.0175,-0.758348538,-1.424399342,1582.801506,2017,961,1980,1980,3,180,136.920181,87222.27776,2.704671933,9.971337698,0.125255702,0.181213822,1,20464776580,46.75190392,-9.28E-08,1901,1899.005452,10776576,492.4944788,0.259343373,242550.8117,0.002564996,0.988044049,1961.828871,5474779,5301797,3203,3203,631,378304,1197275.894,2.12833E+12,1.333660819,4.903786456,0.090728994,0.090728994,1,20227839767,975.1751042,0.000128334,1857,1877.019173,10776576,841.6741904,0.448410012,708415.4429,0.324746514,1.280926343,2057.089307,5082675,5693901,4095,4095,0,830223,3367377.91,1.95207E+12,-0.642980086,103.6488456,1.11498767,1.777625805
2021-12-20_10.00.00_2021-12-20_11.55.00,1,2621924,16.83087028,0,109,430.4587096,6091,679.7111078,1.579039041,462007.19,1.351569511,-0.092355336,804.5507384,1310,4781,1862,1862,0,277,458.4162755,560260.0876,1.860662989,5.870903263,0.125255702,0.170467354,0,25065625.85,0.180111071,-6.29E-09,1.9,1.898479577,13203000,0.445996161,0.234922812,0.198912575,-0.006727907,0.736629937,1.950163398,6739142,6463858,3.527,3.527,0.405,421612,2173789.809,5.51473E+12,0.846403822,4.283016629,0.155664699,0.249957641,1,25099805370,2.426170978,7.57E-08,1901,1901.068346,13203000,3.239047892,0.001703804,10.49143125,-1.287418312,48.20205506,1901.071105,5859842,7343158,2084,2084,1686,592803,2494297.476,4.98899E+12,0.303894022,6.338194658,1.212017379,1.816128771
2022-06-02_07.45.00_2022-06-02_09.00.00,1,1079202,2.725992961,0.426344897,0,271.2244282,3979,614.4791473,2.265574496,377584.6224,1.84697362,1.414151158,671.6750054,640,3339,1705,1705,0,61,271.5529159,214786.6693,2.040875304,6.620160631,0.125255702,0.170467354,1,16618152505,26.75376201,-0.000112786,1900,1898.977832,8751104,293.2445503,0.154422314,85992.3663,-0.006159823,5.366858318,1921.486189,4700296,4050808,3057,3057,754,318516,988588.3969,1.33032E+12,1.331943309,5.271801093,0.090728994,0.090728994,1,16484151534,1116.680815,-0.000237913,1857,1883.665368,8751104,938.8791935,0.498432051,881494.14,0.295576673,0.609507148,2104.682721,3872438,4878666,4095,4095,0,693812,2799163.459,1.27861E+12,-0.609617884,115.1747885,1.197681187,1.809494642
2021-12-20_07.55.00_2021-12-20_09.45.00,1,1457618,13.46298984,0,73,302.1596186,4824,575.4172661,1.904348664,331105.0301,2.033392821,2.279219434,649.9272768,679,4145,1918,1918,0,191,361.5537024,334584.8999,1.872994508,6.050253847,0.090728994,0.170467354,0,16510185.84,0.039775637,0,1.901,1.899250643,8693000,0.315000897,0.165855359,0.099225565,-0.007400253,3.64384451,1.925195722,4384172,4308828,3.307,3.307,0.551,277500,922288.9691,1.3522E+12,1.62314393,5.652633386,0.090728994,0.13600217,1,16531100740,1.684048739,2.30E-07,1902,1901.65659,8693000,1.903186674,0.001000805,3.622119514,-1.707804137,457.564485,1901.657543,5015281,3677719,2126,2126,1595,319757,1199546.038,2.12254E+12,0.821067866,3.559619267,0.658464633,1.173215909
2022-02-25_11.25.00_2022-02-25_14.15.00,1,3766895,9.508586526,0,52,355.4009812,10599,645.6302517,1.816624843,416838.4219,1.61349343,0.661626594,736.9859424,1934,8665,1810,1810,0,442,685.7107104,1483019.446,2.107181273,6.873328628,0.090728994,0.170467354,1,38766791944,30.28000444,-2.45E-07,1902,1899.939539,20404224,328.2751813,0.172781909,107764.5946,-0.011572237,3.492171294,1928.090985,10734536,9669688,4095,4095,463,726780,2317021.329,6.60745E+12,1.353016458,5.75604617,0.090728994,0.090728994,1,38068601761,445.1896332,5.77E-05,1858,1865.721615,20404224,523.996421,0.280854559,274572.2492,0.571634407,7.682537438,1937.908511,9301776,11102448,4095,4095,0,1781109,6387452.652,7.3023E+12,-0.550012719,95.97837036,1.33266199,1.996531065
2022-04-04_07.56.00_2022-04-04_09.35.00,1,2623129,20.04037736,0.029056604,1603,989.4866088,2651,793.1484017,0.80157568,629084.3871,-0.323137331,-1.886476556,1268.135693,1537,1114,1763,1763,1,200,177.0725534,91861.25573,2.061271528,6.76523343,0.090728994,0.13600217,1,19822139158,27.25664224,-8.28E-05,1902,1900.035117,10432512,276.4182666,0.145480609,76407.05812,-0.004454294,6.728707165,1920.036589,5410416,5022096,3251,3251,576,443491,1050395.795,1.601E+12,1.579001497,5.9683981,0.090728994,0.090728994,1,19653885279,569.2533196,-1.53E-06,1858,1883.907277,10432512,842.5441284,0.44723227,709880.6083,0.42549533,2.104791469,2063.731387,4322731,6109781,4095,4095,0,721908,2486082.921,2.00666E+12,0.039763956,30.45133886,1.507336903,2.11601265
2022-06-07_07.10.00_2022-06-07_08.22.00,1,775893,14.95324123,1.805526036,70,823.6656051,942,826.522287,1.003468254,683139.0909,0.085719232,-1.990004901,1166.860797,450,492,1738,1738,2,50,59.97525956,11439.52585,2.179349865,7.213597162,0.13600217,0.181213822,1,16990448581,25.48958372,2.01E-06,1901,1899.294293,8945664,261.8168729,0.137849555,68548.07491,-0.008004063,7.893870869,1917.255039,4623755,4321909,3061,3061,743,376119,955619.6599,1.28606E+12,1.442465219,5.545310051,0.090728994,0.090728994,1,16845773964,840.8427869,2.37E-05,1858,1883.121696,8945664,855.465424,0.454280478,731821.0917,0.406027155,1.862493649,2068.325026,3929837,5015827,4095,4095,0,678358,2757067.031,1.31061E+12,-0.548921766,103.3984459,0.94174681,1.541144826
2022-02-24_13.45.00_2022-02-24_16.45.00,1,3815069,8.970857619,0,29,352.9203515,10810,638.0753199,1.807986751,407140.1138,1.578516691,0.548824335,729.1727425,2016,8794,1773,1773,0,442,741.0440143,1640803.501,2.002483918,6.397653575,0.090728994,0.170467354,1,31704205998,23.67184681,-1.20E-07,1902,1899.922599,16687104,248.3119234,0.13069581,61658.81129,-0.015914901,7.021377244,1916.080555,8745082,7942022,3166,3166,663,614111,2177313.011,4.85266E+12,1.111651176,6.00113872,0.090728994,0.090728994,1,31174729695,546.900259,-0.000135254,1858,1868.192929,16687104,610.3289656,0.326694827,372501.4463,0.48278144,5.012448194,1965.361612,7473537,9213567,4095,4095,0,1389523,5123828.955,5.2215E+12,-0.51469609,78.04918833,1.388257825,2.031235261
2022-07-07_10.25.00_2022-07-07_11.33.00,1,165651,2.289938217,0.000882613,20,36.54334878,4533,59.9653123,1.64093643,3595.838679,2.428217747,4.739727583,70.22289526,746,3787,259,259,0,167,390.77181,345508.4537,1.602766864,5.025396147,0.125255702,0.204870522,1,14039315288,10.03008557,1.49E-06,1901,1898.929202,7393280,49.51688706,0.026076215,2451.922104,-0.208488926,35.24401367,1899.574698,3972089,3421191,2398,2398,1391,292676,1119236.039,1.10019E+12,0.79239327,6.415324709,0.245901454,0.355233467,1,13851365600,846.4033352,-1.92E-05,1857,1873.50751,7393280,835.6637459,0.446042379,698333.8963,0.272607547,0.898397025,2051.429815,3527842,3865438,4095,4095,0,634432,1931479.678,9.14312E+11,-0.064132167,51.94553946,1.468928024,2.133512308
2022-03-21_13.04.00_2022-03-21_14.05.00,1,1123370,5.425256473,0.00024426,40,274.3272283,4095,542.5208275,1.977641194,294328.8482,2.065914157,2.458172442,607.9344343,728,3367,1675,1675,0,160,271.6933975,215873.7236,2.09605781,6.937235357,0.125255702,0.181213822,1,13013467140,21.84474318,2.33E-06,1901,1899.053198,6852608,231.5592646,0.121934059,53619.69303,-0.013321683,9.551219514,1913.118591,3490049,3362559,2965,2965,837,276530,756879.419,7.68928E+11,1.370056285,5.519336552,0.090728994,0.090728994,1,12738436147,217.6035332,-3.06E-06,1858,1858.917969,6852608,285.8633157,0.153779414,81717.83525,0.352389436,13.99198077,1880.769484,3395474,3457134,4095,4095,0,667180,1757283.205,7.0289E+11,-0.047225343,59.91593964,0.720601184,1.339329821
2022-06-23_12.00.00_2022-06-23_12.53.00,1,2097,0.004919377,0.001093195,0,0.57295082,3660,1.406806457,2.455370354,1.979104407,2.084424488,2.595132535,1.519005283,523,3137,10,10,0,1,428.2565893,311470.0478,1.105033211,3.84455513,0.090728994,0.170467354,1,1154969119,2.848755867,3.29E-06,1900,1898.820758,608256,6.490352814,0.003418097,42.12467965,-0.114675482,-0.712868257,1898.83185,327806,280450,1968,1968,1875,25750,37503.47652,6195548215,2.009457518,5.835535143,0.090728994,0.13600217,1,1130008849,77.11146805,-0.000302505,1857,1857.784961,608256,109.3433024,0.058856813,11955.95778,1.089102349,123.0420884,1860.999978,302622,305634,4095,4095,0,52423,141803.177,7706423523,0.142392182,22.39409241,0.278097576,0.740560764
2022-03-22_15.10.00_2022-03-22_15.50.00,1,52395,3.452935047,0.000347343,4,18.19270833,2880,18.42124799,1.012562157,339.3423774,0.37722772,-1.621635554,25.89048114,1249,1631,62,62,0,106,423.9770491,159580.0213,0.874207206,6.47985188,0.262742333,0.487946536,1,8691593930,5.903987362,1.75E-06,1901,1899.705617,4575232,20.13528838,0.010599162,405.429838,0.15123701,8.685414998,1899.812323,2376829,2198403,2294,2294,1509,209054,606485.4145,4.62587E+11,0.914396802,4.49503685,0.2734888,0.33994229,1,8503635344,180.142266,8.39E-05,1858,1858.623856,4575232,216.5064179,0.116487485,46875.02899,0.103647213,11.58758559,1871.19151,2277893,2297339,4095,4095,0,433308,1226926.978,3.82587E+11,-0.296419852,48.40397519,0.813456773,1.401356678
2022-03-22_14.00.00_2022-03-22_14.40.00,1,52787,3.539505743,0.000348068,6,18.3670842,2874,18.63424581,1.014545673,347.235117,0.421146986,-1.401825649,26.16457336,1236,1638,112,112,0,109,435.3536284,161939.0705,0.805353554,6.648223134,0.2734888,0.435264208,1,8736858433,5.998219708,-1.09E-06,1901,1899.39633,4599808,20.14461739,0.0106058,405.8056096,0.134428818,7.58755283,1899.503152,2368681,2231127,2097,2097,1728,218787,608286.6674,4.73726E+11,0.91379879,4.407499183,0.2734888,0.33994229,1,8548420266,128.2106104,6.30E-06,1858,1858.429801,4599808,160.2280776,0.086216911,25673.03686,0.041048273,15.10804183,1865.324198,2278853,2320955,4095,4095,0,438219,1195937.752,3.72782E+11,-0.208940087,46.17872236,0.579044012,1.142802276
2022-03-21_08.15.00_2022-03-21_09.20.00,1,1384581,5.890980032,-0.000229516,40,317.7101882,4358,576.6379088,1.814980855,332511.2779,1.742481345,1.196222012,658.3699883,870,3488,1643,1643,1,165,307.4568118,258856.353,1.994649323,6.485653982,0.125255702,0.181213822,1,14049523892,30.74392505,7.69E-05,1901,1899.783741,7395328,309.9439002,0.163146938,96065.22128,-0.004747491,4.224384231,1924.900902,3841847,3553481,2974,2974,835,284099,830197.7157,9.2582E+11,1.338007312,5.387954177,0.090728994,0.090728994,1,13754485282,240.853301,1.51E-05,1859,1859.88847,7395328,301.9945689,0.162372408,91200.71964,0.383330232,13.56171799,1884.246757,3657089,3738239,4095,4095,0,713102,1953533.168,8.69932E+11,-0.155484515,59.65807616,0.661823035,1.23837888
2021-12-16_10.39.00_2021-12-16_13.22.00,1,2942616,9.999264616,-0.00637333,78,360.6147059,8160,632.1250005,1.752909657,399582.0163,1.566891381,0.525744117,727.7533802,1528,6632,1803,1803,0,279,583.1290282,957055.7251,1.94745934,6.22297675,0.090728994,0.13600217,0,29659363.09,0.03104331,-7.69E-10,1.902,1.899901549,15611000,0.305627078,0.160864692,0.093407911,-0.01351295,3.945588362,1.924326845,8109462,7501538,3.195,3.195,0.626,552959,1746971.866,4.3572E+12,1.490064937,5.581084351,0.090728994,0.13600217,1,29693220899,2.004729806,-6.41E-08,1902,1902.070393,15611000,4.109768261,0.002160681,16.89019516,52.4011045,79451.20557,1902.074833,7050728,8560272,4095,4095,0,583595,3598817.49,7.91282E+12,-0.020689516,9.510623326,0.88734757,1.526185609
2022-02-25_08.00.00_2022-02-25_10.50.00,1,4184579,10.07847216,0,74,395.5926451,10578,670.3291943,1.694493572,449341.2287,1.411665643,0.043670693,778.3538846,2199,8379,1810,1810,0,464,718.1628092,1587980.053,2.018234524,6.41548771,0.090728994,0.13600217,1,40512248411,32.77795353,-2.00E-05,1902,1899.862783,21323776,347.9001666,0.183118576,121034.5259,-0.007825412,2.820701673,1931.453629,11185355,10138421,3164,3164,678,736315,2687272.127,7.68704E+12,1.174249762,5.949849287,0.090728994,0.090728994,1,39768991638,454.0291151,-1.57E-05,1858,1865.007006,21323776,519.4500584,0.278524454,269828.3632,0.540627493,7.410629108,1935.995738,9990558,11333218,4095,4095,0,1836243,6672974.777,8.34368E+12,-0.559482407,87.71013817,1.299014378,1.949466353
2021-12-20_15.00.00_2021-12-20_16.50.00,1,2772854,20.98733744,0,134,474.3976048,5845,719.4138223,1.516478614,517556.2477,1.238639324,-0.40291084,861.7478373,1362,4483,1921,1921,0,307,442.907921,537138.8178,1.832867622,5.668980339,0.125255702,0.170467354,0,28885200.34,0.264060765,-6.57E-10,1.9,1.898843041,15212000,0.443371164,0.233495426,0.196577989,-0.002241192,0.819841348,1.949918686,7792883,7419117,3.541,3.541,0.319,507999,2908073.322,8.39154E+12,0.536637054,4.612349072,0.204870522,0.363345842,1,28926343147,1.87909564,1.97E-07,1902,1901.547669,15212000,2.7489652,0.001445646,7.556809668,-3.106885176,1061.037462,1901.549656,8260612,6951388,2293,2293,1394,605107,2733700.641,6.56406E+12,0.384489857,5.608457431,1.271058331,1.880763641
2022-07-08_07.26.00_2022-07-08_08.30.00,1,4923,2.440748441,0.037422037,8,10.21369295,482,7.721150241,0.755960678,59.61616105,4.015582322,39.4853152,12.80373714,222,260,101,101,4,24,86.48842655,5728.905672,0.475093527,6.998181949,0.410478512,0.985427251,1,11253856543,6.562612503,-1.35E-06,1901,1899.428669,5924864,22.85036211,0.012030124,522.1390486,0.161919334,44.54055755,1899.566111,3046785,2878079,2277,2277,1504,252641,881901.2773,7.69296E+11,0.749230892,5.432763988,0.262742333,0.307702886,1,11104058138,1089.731979,0.000275956,1858,1874.145658,5924864,833.2411284,0.444597849,694290.778,0.270718486,0.885815803,2051.027236,2867373,3057491,4095,4095,0,468076,1957565.43,6.35283E+11,-0.819122888,111.7596857,1.082817604,1.672126459
2021-12-16_13.25.00_2021-12-16_16.10.00,1,3740173,9.857386592,-0.000100361,82,375.3309584,9965,645.702514,1.720355062,416931.7365,1.482153523,0.255767589,746.8634847,1977,7988,1765,1765,0,395,630.1781544,1252744.835,2.149407018,7.12533495,0.090728994,0.170467354,0,39080860.22,0.039563427,7.29E-10,1.901,1.899618928,20573000,0.319754983,0.168325857,0.102243249,-0.013456124,3.422814439,1.926342473,10568845,10004155,3.175,3.175,0.656,746178,2816137.771,9.49234E+12,1.150975626,5.093281493,0.090728994,0.13600217,1,39126466449,2.180710163,0,1902,1901.835729,20573000,3.499115082,0.001839862,12.24380636,27.87462175,66983.9954,1901.838948,12911480,7661520,4095,4095,0,763825,4292196.658,1.23671E+13,0.17238749,8.261141132,1.067092481,1.586979289
2022-07-05_08.08.00_2022-07-05_09.12.00,1,53093,1.680639185,0.00347383,4,12.29289187,4319,22.28638917,1.812949256,496.6831423,3.863316903,18.60298925,25.4518827,1333,2986,170,170,0,119,515.7429158,379739.5146,1.139779793,4.522104084,0.13600217,0.21561699,1,24483854638,8.123688825,4.65E-07,1901,1899.127426,12892160,40.46260684,0.021305894,1637.222552,0.034165234,50.65743045,1899.558423,6623542,6268618,2894,2894,1385,507199,2043786.375,3.34115E+12,0.733740948,7.128424267,0.245901454,0.355233467,1,24321290986,886.2732486,-8.26E-05,1857,1886.517929,12892160,978.4036099,0.518629373,957273.6239,0.288716583,0.392457483,2125.140824,5969047,6923113,4095,4095,0,984624,3229025.957,3.16723E+12,0.116521324,34.4032244,1.38951942,1.973357098
2022-02-24_08.50.00_2022-02-24_11.35.00,1,3977719,10.01478821,0,87,420.1224123,9468,687.9229944,1.637434648,473238.0462,1.319172903,-0.210268986,806.0650641,2093,7375,1815,1815,0,371,609.3559233,1208480.19,2.147245417,6.988157644,0.090728994,0.13600217,1,22968304538,17.20751971,-4.96E-07,1902,1900.524055,12085248,147.6725713,0.077700975,21807.18832,0.003493345,11.81674109,1906.252573,6297414,5787834,3050,3050,752,477746,1417453.061,2.33085E+12,1.296348301,5.880943227,0.090728994,0.170467354,1,22592540895,601.1974563,-0.000130986,1859,1869.431301,12085248,635.6393217,0.340017481,404037.3473,0.447050234,4.248021547,1974.54064,5472660,6612588,4095,4095,0,997287,3730010.483,2.9002E+12,-0.565264361,71.22728048,1.264161898,1.889939324
2022-07-05_07.45.00_2022-07-05_08.05.00,1,6332,0.975672215,0.005121639,4,8.097186701,782,7.669034108,0.94712329,58.81408416,2.182573919,4.914515826,11.15251167,187,595,48,48,3,20,98.15841297,12831.89468,1.087411834,4.615413979,0.269432613,0.389318887,1,4383367835,5.189925025,-1.73E-06,1901,1899.127175,2308096,22.8225501,0.012017389,520.8687929,0.115620552,62.87902663,1899.264303,1191867,1116229,2286,2286,1511,80704,274228.2476,1.1109E+11,1.06178371,4.282293243,0.204870522,0.294981736,1,4395371066,930.6970289,-0.000355705,1857,1904.327665,2308096,1138.663399,0.597934599,1296554.337,0.260115525,-0.239898479,2218.78755,1028967,1279129,4095,4095,0,159136,547719.3843,94555093140,0.23684573,32.21712335,0.995664739,1.561510777
2022-03-21_14.20.00_2022-03-21_15.21.00,1,1128681,5.264214856,0.000241955,40,273.0239478,4134,542.7469727,1.987909768,294574.2764,2.071126025,2.466563145,607.549465,696,3438,1674,1674,0,129,290.2556225,237822.6272,1.994785551,6.434054619,0.125255702,0.13600217,1,13147094450,26.58956748,1.88E-06,1901,1899.254353,6922240,280.998421,0.147951969,78960.11261,-0.00709889,5.785343097,1919.928959,3546625,3375615,2964,2964,839,274020,712341.9429,7.41795E+11,1.520632562,5.723480388,0.090728994,0.090728994,1,12868846158,258.5606076,3.21E-05,1858,1859.058073,6922240,310.6047305,0.1670764,96475.29863,0.274538324,10.78940148,1884.826841,3407355,3514885,4095,4095,0,672350,1822374.861,7.62596E+11,-0.162646685,58.86725511,0.918395394,1.568343713
2022-06-06_07.16.00_2022-06-06_08.30.00,1,939145,14.64424779,1.525663717,70,830.3669319,1131,843.7112799,1.016070423,711848.7239,0.094262273,-1.989355826,1183.789663,539,592,1759,1759,2,64,76.5720181,17399.19854,2.038572607,6.592661505,0.090728994,0.13600217,1,17518398958,28.88993842,-2.17E-07,1901,1899.179783,9224192,299.8446044,0.157881106,89906.7868,-0.004496983,5.646494113,1922.70399,4721948,4502244,3120,3120,706,339321,1094392.441,1.4722E+12,1.243947194,5.446742251,0.090728994,0.090728994,1,17463070068,1026.818907,0.000199909,1858,1893.181546,9224192,1002.516428,0.529540567,1005039.189,0.326190902,0.593471268,2142.236111,4093358,5130834,4095,4095,0,619921,2689168.347,1.39172E+12,-0.370037789,83.32052767,0.745409731,1.311309125
2022-05-06_08.57.00_2022-05-06_09.29.00,1,616686,4.040433514,0.00041684,47,256.9525,2400,546.6918543,2.127598892,298871.9836,2.036817608,2.189846226,604.066694,340,2060,1644,1644,0,67,149.8472675,70649.41745,2.193922082,7.366005316,0.090728994,0.13600217,1,7158571749,25.6359987,0.000114375,1901,1899.671936,3768320,292.1497924,0.153789603,85351.50121,-0.003171969,5.302714127,1922.005454,1964728,1803592,2952,2952,846,153960,413268.4804,2.49929E+11,1.333585765,5.054605717,0.090728994,0.090728994,1,7064004830,603.5300544,-0.000235383,1858,1874.576689,3768320,737.8445512,0.393605957,544414.5818,0.423882133,2.819290701,2014.560087,1766188,2002132,4095,4095,0,333374,959105.2189,2.55297E+11,0.013160857,40.82044359,0.856922052,1.429629832
2022-04-04_10.17.00_2022-04-04_11.55.00,1,2559720,10.4021722,0.015268377,4,402.8517469,6354,685.3591602,1.701268929,469717.1785,1.327753228,-0.194896411,794.9884958,1398,4956,1776,1776,0,231,472.2206879,578122.2175,1.895832112,6.10590489,0.13600217,0.13600217,1,47295256397,34.48406211,3.30E-05,1902,1900.22109,24889344,337.9774489,0.177862171,114228.756,-0.002785068,3.725113233,1930.043769,12934794,11954550,3287,3287,579,995249,2769273.021,9.89153E+12,1.412905526,5.772820004,0.090728994,0.090728994,1,47016066971,692.9194153,-4.26E-06,1859,1889.003863,24889344,912.0130891,0.482801071,831767.8746,0.38299176,1.366994731,2097.64236,10237860,14651484,4095,4095,0,1690197,6135628.389,1.12407E+13,-0.026980271,35.6245163,1.453865326,2.03585254
2022-03-22_07.55.00_2022-03-22_08.37.00,1,95594,4.441245397,0,4,31.99263722,2988,150.6647962,4.709358442,22699.8808,10.16099545,103.0295004,154.0240554,1039,1949,1620,1620,0,110,283.5321041,139179.2994,1.598063911,5.560512231,0.284235268,0.33994229,1,8294781283,7.131729013,0.000158943,1901,1899.712089,4366336,77.33762929,0.040710184,5981.108904,-0.011575757,107.959878,1901.285652,2253785,2112551,2931,2931,879,196581,485963.2279,3.64448E+11,1.254576815,4.658930989,0.090728994,0.090728994,1,8115958925,154.2217865,5.95E-06,1858,1858.757302,4366336,201.9825374,0.108665363,40796.9454,0.123314705,14.1928727,1869.699349,2170945,2195391,4095,4095,0,396640,1114355.263,3.21993E+11,-0.128106912,46.60804353,0.342635607,0.957624577
2022-06-23_07.43.00_2022-06-23_09.27.00,1,3905146,5.244614315,0,1916,1356.424453,2879,877.0189188,0.646566727,769162.1839,-0.879352642,-1.224672963,1615.255237,2019,860,1995,1995,4,142,127.1801642,77876.56016,2.779724803,10.45381362,0.090728994,0.13600217,1,23930549177,42.92731464,-1.82E-06,1901,1898.738782,12603392,458.3632001,0.241404033,210096.8232,0.002677617,1.604073966,1953.280775,6589133,6014259,3214,3214,622,424508,1481831.244,2.90191E+12,1.253029415,5.104232762,0.090728994,0.090728994,1,23646730396,915.8677907,1.36E-05,1857,1876.219544,12603392,835.1692027,0.445134049,697507.5972,0.32204226,1.302018965,2053.705767,5929253,6674139,4095,4095,0,980922,3746007.392,2.79833E+12,-0.382396467,77.57683303,1.544647505,2.114957428
2021-12-20_12.55.00_2021-12-20_14.40.00,1,2131294,16.77262513,0,124,435.313317,4896,692.7842181,1.591461118,479949.9729,1.43732027,0.158140506,818.1978104,994,3902,1941,1941,0,189,377.3592207,365685.6182,1.82474827,5.776040879,0.125255702,0.170467354,0,19729084.17,0.05625112,2.02E-09,1.901,1.899035919,10389000,0.437248831,0.230247794,0.19118654,-0.001695359,1.053326584,1.948723676,5232211,5156789,3.592,3.592,0.371,321683,1194161.602,2.1118E+12,1.515531774,5.464268067,0.090728994,0.13600217,1,19753314831,3.942712286,1.93E-07,1902,1901.368258,10389000,4.975242592,0.002616664,24.75303885,-1.215618117,1717.703152,1901.374767,5785081,4603919,3152,3152,400,463226,2335214.592,3.23383E+12,0.00476868,10.08482879,1.380500126,2.011415123
2021-12-16_07.50.00_2021-12-16_10.38.00,1,4244751,10.23580222,0.000297855,86,421.3988881,10073,683.723438,1.62250888,467477.7396,1.294749753,-0.27348226,803.1530132,2265,7808,1870,1870,0,383,670.6723507,1386286.399,2.054214915,6.616742233,0.090728994,0.170467354,0,39530075.84,0.044189405,-8.65E-10,1.902,1.900119008,20804000,0.33634425,0.177012202,0.113127454,-0.009310311,3.021817292,1.929657923,10701306,10102694,3.209,3.209,0.638,751868,2846087.897,9.49155E+12,1.158348109,5.239621365,0.090728994,0.13600217,1,39566081325,9.187867102,-1.92E-07,1903,1901.849708,20804000,13.22670284,0.006954652,174.9456681,2.693938486,1859.254422,1901.895701,13406990,7397010,4095,4095,0,1193074,5409053.985,1.00325E+13,-0.21076262,27.34971678,1.535864658,2.037103178
2022-03-21_10.50.00_2022-03-21_11.52.00,1,1148976,5.255298881,0.000238152,39,273.5657143,4200,535.7493595,1.958393656,287027.3762,2.021225326,2.275002799,601.5526379,796,3404,1643,1643,0,165,288.5414099,237975.7301,2.027748172,6.594472105,0.090728994,0.170467354,1,13929924028,25.58037791,-1.36E-07,1901,1899.391432,7333888,271.6605582,0.143025052,73799.45886,-0.00847151,6.175858407,1918.720217,3782355,3551533,2963,2963,843,287904,732312.5822,8.17576E+11,1.57880779,5.794017912,0.090728994,0.090728994,1,13634580535,214.9287254,3.14E-06,1858,1859.120365,7333888,279.8512911,0.150528872,78316.74511,0.31025381,14.1393585,1880.065232,3598558,3735330,4095,4095,0,714463,1888821.591,8.0466E+11,-0.077050617,60.98633767,0.71571645,1.328958751
2022-06-01_07.13.00_2022-06-01_08.35.00,1,1928142,8.924031008,0.025839793,1615,995.9411157,1936,791.1476434,0.794371907,625914.5936,-0.436062325,-1.809009885,1271.932899,1174,762,1675,1675,1,95,110.520661,43848.58244,2.325842079,7.928429692,0.090728994,0.13600217,1,18573180460,32.34191389,-2.62E-05,1900,1899.253565,9779200,339.954081,0.17899352,115568.7772,-0.001838865,3.174896927,1929.438488,4981934,4797266,3297,3297,573,350612,1144306.728,1.71148E+12,1.255790506,5.185025962,0.090728994,0.090728994,1,18418651502,1081.849848,-4.10E-05,1857,1883.451765,9779200,925.821511,0.491555732,857145.4703,0.314530885,0.769279321,2098.69865,4509140,5270060,4095,4095,0,759025,3099606.812,1.60302E+12,-0.564024404,110.221342,1.24805518,1.87129312
2022-03-21_09.30.00_2022-03-21_10.30.00,1,1209352,6.368227507,0,40,296.4098039,4080,570.2373394,1.92381403,325170.6232,1.956672099,2.001733396,642.6736303,722,3358,1712,1712,0,162,289.4594303,227660.344,2.017860533,6.596567346,0.125255702,0.181213822,1,14241687762,26.65024857,-8.00E-07,1900,1898.948417,7499776,284.0053442,0.149559273,80659.03555,-0.005276415,5.845221462,1920.068781,3958587,3541189,2975,2975,823,298109,858039.9072,9.36184E+11,1.319353049,5.561929684,0.090728994,0.090728994,1,13940282628,216.8348608,5.33E-07,1858,1858.759865,7499776,278.1707874,0.149653967,77378.98695,0.336160651,14.30782298,1879.45929,3713895,3785881,4095,4095,0,727466,1964599.937,8.61517E+11,-0.12866204,62.18621438,0.744489429,1.320648613
2022-03-22_12.42.00_2022-03-22_13.22.00,1,52312,3.448360084,0.000348918,5,18.24625044,2867,18.46740496,1.012120547,341.0450461,0.382680854,-1.602531178,25.96094569,1240,1627,62,62,0,108,420.7190829,157473.8852,0.876379818,6.480847129,0.2734888,0.498693004,1,8257690240,6.177747296,-2.30E-06,1901,1899.234721,4347904,20.53966666,0.010814707,421.8779065,0.157963163,7.177203842,1899.345783,2219949,2127955,2097,2097,1728,208866,571523.4112,4.19354E+11,0.919447941,4.419497326,0.2734888,0.33994229,1,8079220779,155.7599615,2.58E-05,1858,1858.18748,4347904,185.9389328,0.100064678,34573.28672,0.045172712,12.17909644,1867.467269,2153058,2194846,4095,4095,0,407954,1158896.778,3.5236E+11,-0.27953109,45.5497778,0.415851437,0.988491965
2022-03-31_10.36.00_2022-03-31_11.41.00,1,285585,8.828864803,-0.081574444,46,162.8192702,1754,411.1473723,2.525176361,169042.1617,3.310015678,9.155740531,442.2129312,229,1525,1677,1677,1,91,139.6972156,46559.23776,1.800993078,5.764116501,0.090728994,0.13600217,1,15426646137,23.30035013,1.23E-07,1901,1899.27939,8122368,262.0488797,0.137972792,68669.61534,-0.008014368,7.40364406,1917.271972,4186345,3936023,2962,2962,827,344616,949058.414,1.17332E+12,1.264272041,5.245042255,0.090728994,0.090728994,1,15304118012,604.2210178,-3.35E-05,1858,1884.194118,8122368,837.0365833,0.444241161,700630.2418,0.45391564,2.349040739,2061.751129,3328067,4794301,4095,4095,0,638694,2140641.328,1.24281E+12,-0.070949933,42.64392262,1.200277248,1.820508771
2022-06-06_09.43.00_2022-06-06_10.48.00,1,89215,1.774554591,0.01713111,0,20.37337292,4379,165.3250464,8.114760729,27332.37098,9.712586467,93.14988985,166.5756444,266,4113,1692,1692,0,31,405.8598253,310272.4903,1.601667601,5.353757471,0.13600217,0.181213822,1,14988498462,28.35933273,-9.81E-05,1900,1898.962835,7892992,283.5043392,0.149294306,80374.71035,0.000481417,6.317496656,1920.008999,4165861,3727131,3088,3088,722,328699,948364.9195,1.11351E+12,1.226614091,5.346208764,0.090728994,0.090728994,1,14897524060,994.4188528,4.12E-05,1857,1887.436863,7892992,931.2036615,0.493369437,867140.2592,0.351635655,1.039473501,2104.651556,3472437,4420555,4095,4095,0,581750,2449634.881,1.03782E+12,-0.581024569,102.7808943,1.023165214,1.580538866
2022-03-31_07.24.00_2022-03-31_08.32.00,1,541028,12.30704225,2.366197183,47,760.9395218,711,815.1379547,1.071225677,664449.8852,0.183657819,-1.967890287,1115.113824,323,388,1689,1689,2,26,48.0835221,6494.562189,2.068871644,6.859659376,0.125255702,0.181213822,1,15343442963,27.70190995,-0.000127518,1901,1899.572898,8077312,292.6614231,0.154066961,85650.7086,-0.003243025,5.437605395,1921.985407,4189741,3887571,3010,3010,790,337564,936680.2626,1.1464E+12,1.275286899,5.275735565,0.090728994,0.090728994,1,15160435392,611.6366392,-1.49E-06,1858,1876.915909,8077312,763.9403352,0.407018946,583604.8357,0.436308963,2.82266938,2026.429906,3419062,4658250,4095,4095,0,658646,2190270.868,1.19891E+12,-0.155805638,49.96309628,1.377579649,1.981476431
2022-07-08_12.23.00_2022-07-08_13.29.00,1,5427,0.29954955,0.005405405,0,1.222022067,4441,4.401722408,3.601999118,19.37516015,5.608000807,53.96378798,4.568205127,496,3945,89,89,0,25,794.4075477,479483.7841,0.529948024,7.157836413,0.357079483,0.942059778,1,15457071323,9.552851262,0,1900,1898.716505,8140800,46.87390937,0.024687155,2197.16338,-0.04177757,38.13137536,1899.295009,4286625,3854175,2402,2402,1394,324160,1224796.959,1.33233E+12,0.801550857,6.343815192,0.245901454,0.325139635,1,15329971788,1063.025962,-0.000131805,1860,1883.103846,8140800,935.844747,0.496969272,875805.3906,0.258544645,0.398677331,2102.827973,3889235,4251565,4095,4095,0,652381,2309202.337,1.21383E+12,-0.29158841,59.92776598,1.541826839,2.115830687
2022-03-31_11.56.00_2022-03-31_13.00.00,1,455798,5.614189659,-0.001391143,42,105.6555401,4314,298.0363303,2.820830124,88825.65418,4.696343966,21.1458415,316.2099735,835,3479,1688,1688,1,138,344.7152499,264280.282,1.82732598,6.051009826,0.13600217,0.21561699,1,15579724482,23.0260771,1.34E-06,1901,1898.973376,8204288,258.3714073,0.136058467,66755.78411,-0.011597198,7.428674141,1916.469584,4362712,3841576,2960,2960,841,349429,933326.5236,1.17797E+12,1.306216396,5.235021618,0.090728994,0.090728994,1,15452191201,636.1447462,-9.63E-06,1858,1883.428666,8204288,835.6719034,0.443697135,698347.5302,0.442310132,2.238886028,2060.497772,3519181,4685107,4095,4095,0,654640,2161719.59,1.2643E+12,-0.077870154,42.83898539,1.189084829,1.773277507
2022-06-22_10.30.00_2022-06-22_12.16.00,1,3837167,2.213773944,0.003801725,4,560.9893275,6840,867.2976868,1.546014593,752205.2775,0.910903737,-1.169905124,1032.915438,2003,4837,1950,1950,0,152,361.1648657,526876.9368,2.457747427,8.53115319,0.090728994,0.170467354,1,25400874106,40.0808122,1.50E-07,1900,1898.770753,13377536,439.5850551,0.231510336,193235.0206,0.003992677,1.911148444,1948.990865,7010795,6366741,3196,3196,640,476073,1529602.511,3.27213E+12,1.313839004,5.049347045,0.090728994,0.090728994,1,25111468519,1011.370694,-5.46E-05,1857,1877.137054,13377536,854.413706,0.455168526,730022.7809,0.311963249,1.132574723,2062.44183,6255973,7121563,4095,4095,0,1030124,4294294.004,2.8934E+12,-0.74810742,124.5239508,1.25024586,1.815237533
2022-06-01_12.08.00_2022-06-01_13.31.00,1,1656259,3.172224258,0.009527299,0,303.3997069,5459,640.7232855,2.111812474,410526.3286,1.664452599,0.77372874,708.9271548,984,4475,1696,1696,0,79,326.1097593,345609.6065,2.262233424,7.730891115,0.090728994,0.13600217,1,35211733857,29.09671427,4.02E-05,1901,1899.384603,18538496,312.1852096,0.164361241,97459.60509,-0.008474033,4.362985688,1924.869209,9582352,8956144,3905,3905,526,720603,2165649.819,6.09474E+12,1.287552481,5.277179955,0.090728994,0.090728994,1,34885049088,1023.049613,-5.74E-05,1857,1881.762635,18538496,894.5103199,0.47535768,800148.7124,0.332003031,1.029571036,2083.549694,8652119,9886377,4095,4095,0,1453380,5800926.586,5.78118E+12,-0.509249867,104.0381811,1.262118847,1.897340577
2022-05-31_12.37.00_2022-05-31_13.14.00,1,601254,2.745737583,0.016308377,2,222.7691738,2699,555.1429335,2.492009662,308183.6766,2.249493114,3.075886718,598.1720333,340,2359,1706,1706,0,45,182.9940007,99681.38527,2.050653822,6.626141753,0.125255702,0.170467354,1,19133993289,28.93154979,6.21E-05,1901,1899.323066,10074112,314.7701591,0.16572755,99080.25305,-0.007635884,4.472455535,1925.229431,5203050,4871062,4095,4095,112,390989,1173525.203,1.8564E+12,1.274408305,5.09727265,0.090728994,0.090728994,1,18973971682,1050.33059,-4.35E-05,1857,1883.438628,10074112,909.5480527,0.482918869,827277.6602,0.326464148,0.90596655,2091.558922,4696308,5377804,4095,4095,0,789397,3137743.355,1.94143E+12,-0.492154982,79.32293577,1.099843054,1.753660973
2022-03-22_10.25.00_2022-03-22_11.02.00,1,52607,3.707669507,0.000370508,10,19.48407407,2700,18.59512396,0.954375553,345.7786353,0.283983413,-1.656345951,26.93339521,1238,1462,62,62,0,111,395.8963,139556.0701,0.867443311,6.442198401,0.288307444,0.475842813,1,8709247709,5.819801063,-1.53E-06,1901,1899.313246,4585472,20.30211881,0.010689189,412.1760282,0.154331384,8.068068931,1899.42175,2364740,2220732,2177,2177,1619,212805,592134.9286,4.57074E+11,0.950289668,4.441357334,0.2734888,0.33994229,1,8521433231,139.1088542,6.54E-07,1858,1858.354654,4585472,180.4321497,0.09709242,32555.76066,0.07147167,14.81865773,1867.093404,2272081,2313391,4095,4095,0,425594,1191821.413,3.68562E+11,-0.18146779,46.57086559,0.322205986,0.798454541
2021-12-17_08.30.00_2021-12-17_11.16.00,1,4173140,10.15043356,0,92,420.721847,9919,680.8702816,1.618338307,463584.3403,1.295700624,-0.269310142,800.3694227,2229,7690,1841,1841,0,449,691.1026436,1393615.532,1.983038494,6.332726108,0.090728994,0.170467354,0,39881808.5,0.087617406,7.86E-09,1.901,1.899586021,20995000,0.377786666,0.19887842,0.142722765,-0.006985824,1.898277398,1.936788531,10738268,10256732,3.23,3.23,0.625,733898,3296339.119,1.32541E+13,0.941412467,4.320423308,0.090728994,0.200814335,1,39935382018,1.766088772,0,1902,1902.137748,20995000,2.405811279,0.001264793,5.78792791,9.085505523,56526.32599,1902.139269,9942736,11052264,4095,4095,0,674292,3885041.433,1.24183E+13,0.309944278,6.102263034,1.330784823,1.914014466
2022-06-22_10.30.00_2022-06-22_12.40.00,1,4009818,6.282401256,0.005797802,9,484.2775362,8280,837.4457163,1.729268144,701315.3278,1.207590373,-0.536089936,967.3882674,2001,6279,2112,2112,0,200,477.1255458,809507.168,2.306650009,7.82867005,0.125255702,0.170467354,1,33162819906,37.09740476,-2.81E-07,1862,1861.667413,17813504,400.8808684,0.21533431,160705.4706,0.009108551,2.697748731,1904.34005,8911652,8901852,3255,3255,528,719777,2261923.622,6.03585E+12,1.135616388,5.228921386,0.090728994,0.090728994,1,33607726042,563.1138306,-5.19E-05,1872,1886.643192,17813504,690.244706,0.365858637,476437.7541,0.452732,3.672578554,2008.945068,8135977,9677527,4095,4095,0,1461611,4783679.042,4.89221E+12,-0.196532641,67.9108899,1.306351786,1.991588569
2021-12-22_07.55.00_2021-12-22_09.40.00,1,5011742,28.27565982,0,219,773.4169753,6480,925.3514522,1.196445749,856275.3101,0.623744855,-1.535718284,1206.005443,2260,4220,2278,2278,0,353,487.6702516,638074.0709,1.862913842,5.859307343,0.183377586,0.314393167,1,208941590,65.96825865,-0.000312503,1865,1865.549911,112000,571.5659129,0.30637932,326687.5928,0.018803253,0.021902093,1951.144296,55821,56179,4001,4001,62,3587,7522.081131,116504613.3,2.45867968,9.553318499,0.090728994,0.13600217,1,210423355,432.2810382,-0.000142858,1871,1878.779955,112000,558.0050185,0.297003924,311369.6007,0.552632353,6.646489676,1959.893804,49180,62820,4095,4095,0,9366,29715.25296,182666422.3,-0.307621416,72.76934979,1.145871101,1.796842243
2022-07-05_08.08.00_2022-07-05_09.06.00,1,294715,5.417171717,0,9,74.40419086,3961,322.9044635,4.339869298,104267.2926,5.452260842,28.03658682,331.365774,359,3602,2049,2049,0,101,337.1894343,237554.6331,1.723555499,5.676759224,0.159720886,0.170467354,1,18846809495,16.19309425,1.28E-06,1862,1862.486075,10119168,102.0599885,0.054797719,10416.24125,0.03183858,64.97772651,1865.280307,5054358,5064810,3247,3247,532,561801,1540163.18,2.05658E+12,0.821549,6.52117538,0.090728994,0.13600217,1,19233125819,868.8597615,-2.17E-06,1872,1900.662764,10119168,946.7854785,0.498134386,896402.7423,0.306696131,0.69845736,2123.422163,4674621,5444547,4095,4095,0,726928,2598643.429,1.54532E+12,-0.074359234,59.63394524,0.882602614,1.486014382
2022-02-24_08.44.00_2022-02-24_11.36.00,1,6915983,28.28155994,0,192,665.8947622,10386,836.1357029,1.255657426,699122.9137,0.746703773,-1.344285436,1068.896042,3321,7065,2251,2251,0,456,906.5676456,1843891.1,1.613439114,5.068035734,0.170467354,0.226363458,1,29069842409,29.29767293,0,1866,1864.72136,15589376,264.5121831,0.141850782,69966.69498,0.028146968,7.627323615,1883.388554,7900963,7688413,4095,4095,0,519101,1612229.933,3.28528E+12,1.623894386,6.662389765,0.090728994,0.13600217,1,29655053906,662.3297454,-1.37E-05,1873,1902.260482,15589376,907.6629638,0.477149671,823852.0558,0.35404909,1.29865263,2107.711317,6666714,8922662,4095,4095,0,1145666,3695307.896,3.47689E+12,0.07797566,48.61922759,1.319629815,1.963339109
2022-06-23_07.45.00_2022-06-23_09.49.00,1,4787621,12.50750179,-0.000238152,1949,1139.909762,4200,965.9997995,0.847435325,933155.6126,-0.280523535,-1.918472689,1494.171971,2392,1808,2118,2118,6,198,283.390135,280751.269,2.044878652,6.214784604,0.125255702,0.170467354,1,29484442722,46.07213811,-9.47E-07,1862,1862.204184,15833088,462.9118009,0.248582731,214287.3354,0.010497296,1.35154092,1918.877734,7900773,7932315,3277,3277,511,638259,1788269.532,4.4119E+12,1.361822322,5.248409853,0.090728994,0.090728994,1,29892247431,608.3289642,-8.91E-06,1872,1887.96067,15833088,718.4469203,0.380541254,516165.9773,0.425635816,3.123051025,2020.039967,7310875,8522213,4095,4095,0,1288372,4258785.647,3.76965E+12,-0.210894219,71.78783466,1.30079179,1.970310786
2022-03-31_07.25.00_2022-03-31_08.32.00,1,628422,11.977433,2.473906911,1706,885.1014085,710,863.2097445,0.975266491,745131.063,-0.020085239,-2.002476343,1236.339584,359,351,1771,1771,2,25,47.21001404,6575.976496,2.084469177,6.860846447,0.125255702,0.181213822,1,15388123403,29.73435376,3.03E-06,1865,1864.44966,8253440,302.6286855,0.162315289,91584.12126,0.002027998,4.622112121,1888.850618,4135624,4117816,3207,3207,576,379776,941868.9821,1.20306E+12,1.321421721,5.239675159,0.090728994,0.090728994,1,15685488349,737.4036475,-3.65E-05,1873,1900.478873,8253440,896.2430083,0.471587988,803251.5299,0.346530029,1.269805213,2101.207147,3652292,4601148,4095,4095,0,560548,2077193.214,9.42138E+11,0.050822763,65.35284467,0.881773205,1.465002556
2022-03-23_08.15.00_2022-03-23_11.35.00,1,7133649,25.75975639,0,171,571.6064904,12480,767.9052789,1.343415955,589678.5173,0.933638234,-1.031554269,957.2943629,3532,8948,2062,2062,0,612,1207.11196,2836695.694,1.412886531,4.629497043,0.125255702,0.235154986,1,38886176352,47.58025246,3.83E-07,1863,1863.701492,20865024,421.3499102,0.226082295,177535.7469,0.017890962,1.573075506,1910.737815,10382346,10482678,3419,3419,398,893868,2328726.793,6.43837E+12,1.472788675,6.420167684,0.090728994,0.090728994,1,39481196529,535.8930523,1.25E-05,1873,1892.219081,20865024,740.4295841,0.39130225,548235.9691,0.465044647,3.391757627,2031.927415,9275178,11589846,4095,4095,0,1603646,5394016.853,6.7278E+12,0.00413907,58.36935089,1.220338701,1.842224846
2022-06-23_12.00.00_2022-06-23_13.30.00,1,1924790,6.354652152,0.010716108,0,327.3452381,5880,725.3816613,2.215952997,526178.5546,1.858252784,1.4656319,795.822505,939,4941,2116,2116,0,158,353.8614682,425383.5905,2.222804999,7.420021555,0.090728994,0.170467354,1,21193459099,32.86911364,0,1862,1862.222188,11380736,328.4635392,0.176382572,107888.2966,0.020329318,5.791800387,1890.967947,5679433,5701303,3287,3287,522,595927,1576735.281,2.45768E+12,0.99395567,5.920452944,0.090728994,0.090728994,1,21626248653,988.2941263,2.02E-05,1872,1900.250445,11380736,963.356973,0.506963161,928056.6574,0.276194809,0.384437647,2130.494875,5357474,6023262,4095,4095,0,830962,3027768.605,1.91656E+12,-0.158955451,70.99920668,1.025640215,1.712710049
2022-03-31_11.56.00_2022-03-31_13.02.00,1,715522,7.12390178,-0.000675828,44,161.1536036,4440,397.6242225,2.467361658,158105.0224,3.530523374,11.17329526,429.0402153,862,3578,1774,1774,1,174,350.7132665,293010.9716,1.824963309,5.875781559,0.125255702,0.181213822,1,15655971295,26.61193194,-3.33E-06,1863,1863.607322,8400896,275.4407273,0.147799767,75867.59425,-0.002422708,6.183077319,1883.852394,4184109,4216787,3047,3047,687,412391,1012029.539,1.29841E+12,1.219120281,5.197503905,0.090728994,0.090728994,1,16049317007,876.2064305,0.000255806,1873,1910.429198,8400896,1033.623079,0.541042337,1068376.669,0.300544209,0.395155713,2172.122554,3721397,4679499,4095,4095,0,529112,2121970.053,1.01184E+12,0.014496761,61.77694972,1.097542303,1.764997863
2021-12-20_07.55.00_2021-12-20_09.45.00,1,3163873,14.57187456,0,119,448.9036606,7048,713.629806,1.589717056,509267.4999,1.364391599,-0.058374412,843.0788791,1506,5542,1959,1959,0,327,498.7421779,709705.855,1.94756466,6.202048985,0.125255702,0.204870522,1,156613225,22.51026798,-0.000309527,1866,1864.443155,84000,221.0112505,0.118540085,48845.97286,-0.016868623,7.944691097,1877.496804,42639,41361,2955,2955,782,2950,5858.006025,76605534.23,2.181535425,7.921383593,0.090728994,0.13600217,1,157355047,250.5834712,-0.021893118,1871,1873.274369,84000,388.6643862,0.207478623,151060.0051,0.698605134,14.41902918,1913.169325,36860,47140,4095,4095,0,7267,22161.16642,119214900.6,-0.218052291,53.30557513,1.32615146,1.994818589
2022-07-07_10.30.00_2022-07-07_11.30.00,1,215142,6.816600398,-0.008449304,22,53.45142857,4025,71.09094648,1.330010224,5053.922672,2.105423139,4.015176455,88.94367818,1545,2480,309,309,0,146,490.7491867,333740.4345,1.056240264,4.468079821,0.090728994,0.170467354,1,14138892097,15.05400842,1.32E-06,1862,1861.854344,7593984,57.79420861,0.031041208,3340.170549,0.008720314,21.63784155,1862.751129,3801017,3792967,2368,2368,1346,410124,1217774.44,1.14727E+12,0.724422889,7.446201387,0.245901454,0.325139635,1,14387128432,882.3308777,-7.58E-05,1872,1894.542895,7593984,864.4069895,0.456261503,747199.4435,0.31949481,1.136994514,2082.424602,3545764,4048220,4095,4095,0,599421,2153949.703,8.73741E+11,-0.268319254,86.94396957,1.243057398,1.891276134
2022-05-02_07.03.00_2022-05-02_08.20.00,1,1257205,12.12259059,1.33924441,1720,968.5708783,1298,858.2687693,0.886118702,736625.2804,-0.200729257,-1.960675176,1294.123188,714,584,1772,1772,2,62,87.05292591,22154.53062,2.071860659,6.803461162,0.090728994,0.170467354,1,14020272086,30.67329872,-0.000118448,1863,1863.826839,7522304,310.0224085,0.166336487,96113.89376,-0.004659151,4.27548229,1889.434937,3750742,3771562,3045,3045,677,340720,901096.148,1.04072E+12,1.235380299,5.195529275,0.090728994,0.090728994,1,14246577161,721.8901596,3.23E-05,1873,1893.911382,7522304,826.3435655,0.436315856,682843.6883,0.343767404,1.570593238,2066.33589,3441860,4080444,4095,4095,0,547418,1959293.865,7.75571E+11,0.085395083,75.94216543,0.870427994,1.453642175
2022-02-23_08.00.00_2022-02-23_10.45.00,1,630350,11.18595807,0,5,61.46158346,10256,78.78593258,1.281872808,6207.223173,1.295422373,1.222436024,99.92371798,4117,6139,398,398,0,404,1406.854537,2222256.519,0.963031525,5.044410979,0.204870522,0.325139635,1,44709674093,16.78420192,2.19E-05,1867,1865.888509,23961600,132.2019227,0.070851995,17477.34837,-0.01057563,11.81261839,1870.566031,12220329,11741271,4095,4095,0,911871,2930157.84,8.5422E+12,1.281042405,6.821610679,0.13600217,0.13600217,1,45687645676,703.9267871,-1.13E-06,1874,1906.702627,23961600,958.2107773,0.502548622,918167.8937,0.328585294,0.905458976,2133.935988,10094449,13867151,4095,4095,0,1663389,5647866.346,8.75313E+12,0.137835937,42.18659091,1.166760725,1.846945128
2021-12-17_08.30.00_2021-12-17_11.15.00,1,4634013,10.98819939,0,106,471.3674092,9831,728.8449423,1.546235332,531214.9499,1.165645961,-0.596893306,867.9874333,2409,7422,1870,1870,0,384,658.7403046,1297470.352,2.055379614,6.680599393,0.125255702,0.181213822,1,164129221,30.49925567,4.55E-05,1866,1865.104784,88000,258.8169772,0.138768062,66986.22767,-0.014600031,5.017144824,1882.976921,44425,43575,2871,2871,866,3674,6062.377243,80923757.85,2.244501422,8.257447371,0.090728994,0.13600217,1,165220519,508.1015352,0.004261412,1871,1877.505898,88000,569.8166999,0.303496623,324691.0715,0.418644094,4.604954525,1962.070199,39964,48036,4095,4095,0,7185,23099.74624,137404764.4,-0.148769525,47.55219725,1.154462175,1.778469067
2022-02-21_12.56.00_2022-02-21_15.45.00,1,606298,10.57763384,0,4,57.74816649,10499,76.40711523,1.323108938,5838.047257,1.414802555,1.691726747,95.77524727,4077,6422,398,398,0,409,1390.4491,2270228.989,1.017689975,4.964421927,0.204870522,0.294981736,1,72501140182,58.9108511,7.71E-08,1865,1864.188908,38891520,126.1349995,0.067662134,15910.0381,0.002202895,6.243565153,1868.451316,19496604,19394916,2950,2950,803,1679316,7013590.642,4.47336E+13,0.696067377,5.552630396,0.265376426,0.374516232,1,74096551048,924.035897,-9.77E-06,1873,1905.210983,38891520,968.1242991,0.508145454,937264.6584,0.312448501,0.704766861,2137.075934,16798393,22093127,4095,4095,0,2877538,9826546.821,2.22848E+13,-0.033836824,58.35056605,1.455480257,2.103624098
2022-07-08_12.24.00_2022-07-08_13.22.00,1,830,0.077780593,0.002280213,0,0.210233029,3948,2.789994543,13.270962,7.784069551,45.61231003,2528.63118,2.797904122,74,3874,157,157,0,1,914.515343,358517.6812,0.075113437,18.08118825,,,1,14131113794,15.90466018,5.66E-06,1860,1860.830072,7593984,58.3378213,0.031350429,3403.301394,-0.022617263,20.38127945,1861.744305,3796917,3797067,2368,2368,1344,418750,1230268.182,1.14988E+12,0.708563743,7.608379135,0.245901454,0.325139635,1,14352569496,870.776074,1.20E-05,1872,1889.992064,7593984,813.6494843,0.43050418,662025.4833,0.326344438,1.418449042,2057.691786,3622691,3971293,4095,4095,0,618579,2220653.544,9.41721E+11,-0.32933919,84.5060418,1.331849917,1.95545988
2022-03-22_15.10.00_2022-03-22_15.50.00,1,58895,3.8,0.000350263,11,20.6214986,2856,20.51935822,0.995046898,421.0440616,0.364416421,-1.612537849,29.09106849,1227,1629,65,65,0,133,412.6762026,152154.726,0.893712071,6.51771067,0.262742333,0.420705069,1,8164952102,8.201973625,-1.37E-06,1863,1863.858354,4380672,23.63835973,0.012682487,558.7720509,0.096071682,3.604196186,1864.008244,2185798,2194874,2160,2160,1576,225178,624991.5159,4.58217E+11,0.827386632,4.54962523,0.204870522,0.284235268,1,8331963552,821.0487156,-0.000419114,1873,1901.982972,4380672,938.2787663,0.493316071,880367.0432,0.308413671,0.770022501,2120.826789,2033380,2347292,4095,4095,0,306692,1099957.393,2.65436E+11,0.075951738,64.69534318,1.209163859,1.863365999
2022-04-06_07.15.00_2022-04-06_09.10.00,1,3286005,40.28752887,0.117205543,1648,948.3419913,3465,834.0280653,0.879459175,695602.8138,-0.109074723,-1.946981766,1262.915415,1829,1636,2002,2002,2,204,280.8108689,188584.0736,1.717020626,5.397070595,0.090728994,0.170467354,1,23499989873,43.11122386,7.14E-07,1865,1864.879641,12601344,386.6447211,0.207329584,149494.1403,0.006195744,2.0904385,1904.539371,6352365,6248979,3375,3375,448,533698,1410323.842,2.50909E+12,1.429420381,5.936976097,0.090728994,0.090728994,1,24075359477,717.1993849,-1.86E-05,1874,1910.539025,12601344,992.6639523,0.519572717,985381.7222,0.333733085,0.815462296,2153.030675,5100226,7501118,4095,4095,0,803242,3104710.74,2.38564E+12,0.167209199,51.32295617,0.740329797,1.21457086
2022-02-25_08.00.00_2022-02-25_10.54.00,1,6975935,28.40506804,0,189,654.6485548,10656,833.0373226,1.272495473,693951.1808,0.771655362,-1.308267537,1059.488514,3357,7299,2265,2265,0,504,902.7901557,1918762.638,1.655660196,5.156492349,0.200814335,0.260704109,1,24419221328,39.31282124,-1.53E-07,1865,1864.495374,13096960,327.7898929,0.175806225,107446.2139,0.016099258,4.311707192,1893.089858,6585555,6511405,4095,4095,0,463491,1358934.755,2.28661E+12,1.637646558,6.855998187,0.090728994,0.13600217,1,24962332424,788.4961901,-1.15E-06,1873,1905.963859,13096960,969.0150356,0.508412072,938990.1392,0.316608331,0.73940338,2138.15069,5649114,7447846,4095,4095,0,921999,3224730.021,2.46902E+12,0.012166294,55.48729986,1.413834336,2.080028227
2022-03-21_13.04.00_2022-03-21_14.04.00,1,1380755,5.920323609,0.000245158,44,338.4203431,4080,618.7707311,1.828408793,382877.2177,1.785502069,1.331414834,705.2698394,767,3313,1786,1786,0,173,234.1452445,176776.371,2.335610547,8.247984686,0.090728994,0.170467354,1,13805117366,28.84487099,-0.000106242,1863,1863.638364,7407616,293.0360051,0.157238663,85870.1003,-0.004657059,5.059079056,1886.535993,3687353,3720263,3126,3126,628,339469,727583.6622,8.34964E+11,1.616790145,5.806701918,0.090728994,0.090728994,1,14084822245,827.1330821,-0.000306171,1873,1901.39746,7407616,944.1108469,0.496535242,891345.2912,0.299507406,0.667399885,2122.888973,3422390,3985226,4095,4095,0,523808,1830949.586,7.13771E+11,0.140402404,68.74057918,1.048159302,1.661774829
2022-03-22_14.00.00_2022-03-22_14.40.00,1,58983,3.946161862,0.000347343,11,20.48020833,2880,20.69919208,1.010692457,428.4565527,0.502262716,-0.711307499,29.11864499,1229,1651,169,169,0,133,436.9210907,165226.9526,0.820172296,6.543823433,0.235154986,0.435800808,1,8691581676,8.463189011,3.22E-06,1863,1863.828004,4663296,23.41679211,0.012563816,548.3461525,0.109117293,4.049342924,1863.9751,2327016,2336280,2157,2157,1580,258981,675269.4201,5.21744E+11,0.800261589,4.614234568,0.204870522,0.284235268,1,8831253909,635.615073,3.65E-05,1873,1893.779402,4663296,809.5668145,0.42748739,655398.4272,0.364747142,1.87658042,2059.562781,2164629,2498667,4095,4095,0,357472,1136636.325,2.98783E+11,0.165949764,58.54972003,0.882306482,1.446934186
2022-03-21_08.15.00_2022-03-21_09.20.00,1,1592407,6.39620918,-0.000228363,44,363.563242,4380,629.6595267,1.731911959,396471.1195,1.581577005,0.628930598,727.0827673,913,3467,1783,1783,1,194,298.5032048,251898.4274,2.057310939,6.765530969,0.090728994,0.13600217,1,14505477032,31.97777009,-5.14E-07,1863,1863.882226,7782400,315.8720046,0.169469938,99775.1233,0.001981787,3.850138365,1890.458165,3872359,3910041,3115,3115,658,350304,909313.7805,1.06436E+12,1.292920436,5.373043113,0.090728994,0.090728994,1,14829539775,882.9581378,-0.000291555,1873,1905.522689,7782400,989.9143606,0.519497546,979930.4413,0.2876779,0.432687714,2147.311612,3541586,4240814,4095,4095,0,520444,1967691.88,8.83249E+11,0.140434228,59.99087543,0.97573537,1.627468323
2021-12-16_10.39.00_2021-12-16_13.22.00,1,4523759,11.35786982,-0.006153846,104,535.2927464,8451,755.0363742,1.410511125,570079.9264,0.953975927,-1.04775866,925.5367366,2373,6078,1871,1871,0,288,542.664729,920982.0047,2.129257229,7.011802634,0.090728994,0.170467354,1,246274480,30.68747491,-0.002060622,1866,1865.715758,132000,177.8405467,0.095320279,31627.26005,-0.03642485,1.943193225,1874.172497,66522,65478,2723,2723,1018,6090,11064.84032,210785293.3,1.810385386,6.754279451,0.13600217,0.21561699,1,247808244,638.2912371,-0.004174274,1871,1877.335182,132000,609.3741215,0.324595271,371336.8199,0.349357721,3.181658779,1973.758902,63801,68199,4095,4095,0,11024,36008.66234,319139884.9,-0.32331465,51.81904144,1.361668211,2.012463774
2022-03-24_13.10.00_2022-03-24_16.10.00,1,6501785,31.67857466,0.000180881,234,587.9711521,11058,766.9968695,1.304480444,588284.1978,0.944215524,-0.987053224,966.4337916,3104,7954,2051,2051,0,629,1064.267797,2236336.112,1.412195361,4.572770169,0.125255702,0.235154986,1,40066144605,44.68631373,-5.12E-07,1863,1863.727462,21497856,396.4462487,0.212716857,157169.6281,0.021933747,2.322468794,1905.426378,10691091,10806765,3456,3456,387,945932,2580085.045,7.24262E+12,1.345742138,6.413863709,0.090728994,0.090728994,1,40624227055,617.7325669,-6.93E-06,1873,1889.687374,21497856,734.2469948,0.388554744,539118.6494,0.418426529,2.97868006,2027.322624,9730451,11767405,4095,4095,0,1701230,5921498.354,7.61297E+12,-0.094214552,65.78523993,1.300651072,1.978933179
2022-03-24_09.15.00_2022-03-24_12.30.00,1,5894026,29.23025448,-9.43E-05,189,555.463764,10611,772.15743,1.390113055,596227.0967,1.057909657,-0.76398552,951.1924568,2774,7837,2093,2093,0,585,995.7036721,1972994.078,1.471968354,4.799501979,0.170467354,0.290925549,1,32993467998,30.24590601,-9.61E-07,1863,1864.162439,17698816,283.2093921,0.15192313,80207.55978,0.046724783,7.563349132,1885.552746,8824895,8873921,3429,3429,400,865297,2140991.546,4.94342E+12,1.320886577,6.394636385,0.090728994,0.090728994,1,33613307370,748.2835254,-1.69E-05,1873,1899.183955,17698816,864.2077126,0.455041604,746854.9705,0.374543892,1.664053613,2086.565279,7575334,10123482,4095,4095,0,1272648,4831280.313,5.6611E+12,-0.050270903,53.02516636,1.154136699,1.773922194
2021-12-20_15.00.00_2021-12-20_16.50.00,1,3040911,21.14795263,0,114,433.7961484,7010,704.9909591,1.625166479,497012.2525,1.486013347,0.307527541,827.762859,1375,5635,2034,2034,0,352,544.923089,777420.8464,1.787361061,5.552566317,0.125255702,0.204870522,1,152901989,12.53325041,0.000268296,1866,1864.658402,82000,115.6381154,0.06201571,13372.17374,0.027818339,17.93568014,1868.240651,41940,40060,2878,2878,913,2535,5418.602452,72594686.85,2.20469739,7.962100548,0.090728994,0.200814335,1,153874755,263.7521433,0.000219515,1870,1876.521402,82000,498.3213579,0.265555915,248324.1758,0.717031642,10.47864317,1941.56039,21333,60667,4095,4095,0,6259,20865.56381,97260269,-0.246287965,62.81027683,1.114223305,1.63548749
2022-07-01_07.30.00_2022-07-01_09.00.00,1,2193113,14.71058049,0.033758748,66,902.5156379,2430,987.7787512,1.094472727,975706.8613,0.256472748,-1.932239625,1337.999005,1060,1370,2132,2132,5,159,140.9316352,72922.22918,2.274068745,7.577986058,0.125255702,0.170467354,1,21178481204,35.49198739,8.80E-07,1863,1863.253203,11366400,352.3127117,0.189084721,124124.2469,0.019849822,4.822635805,1896.269165,5667482,5698918,3294,3294,511,575709,1519226.041,2.44605E+12,1.057440711,5.638347679,0.090728994,0.090728994,1,21576453265,961.9112411,-1.13E-05,1872,1898.266229,11366400,925.0524448,0.487314388,855722.0257,0.284877619,0.60167226,2111.666807,5330409,6035991,4095,4095,0,861399,3154300.175,1.92655E+12,-0.173964721,82.36451643,1.350549337,1.975074279
2022-07-01_09.06.00_2022-07-01_10.37.00,1,2303367,12.75025261,-0.000168407,63,387.8375147,5939,739.5630671,1.906888939,546953.5303,1.807983326,1.311714136,835.0877008,964,4975,2178,2178,0,345,389.5428667,479598.4359,2.066873915,6.656813773,0.090728994,0.170467354,1,21417760999,33.19678475,3.04E-06,1862,1862.491739,11499520,335.8802527,0.180339191,112815.5441,0.023661568,5.734618276,1892.535606,5744854,5754666,3295,3295,502,590192,1386214.328,2.33449E+12,1.235698685,5.437050075,0.090728994,0.090728994,1,21822719266,999.238036,-1.18E-05,1872,1897.706971,11499520,925.1435474,0.487506007,855890.5833,0.285204391,0.584082347,2111.204,5464773,6034747,4095,4095,0,883255,3264238.399,1.99387E+12,-0.248449951,88.02086384,1.383459846,2.042763905
2022-05-05_07.35.00_2022-05-05_10.30.00,1,2622614,5.310771688,0.008785065,51,261.7901777,10018,591.5716642,2.259716806,349957.0338,2.1295048,2.55008967,646.9089047,1353,8665,1794,1794,0,407,698.3948598,1405090.838,1.991492148,6.385216501,0.13600217,0.21561699,1,38078157899,23.64598154,-3.91E-07,1863,1863.197769,20436992,257.1435224,0.138011931,66122.79113,0.004340662,7.86611308,1880.858505,10135742,10301250,2937,2937,784,1074030,2524963.426,7.73686E+12,1.197550287,5.285760059,0.090728994,0.090728994,1,38346191654,340.6421835,-1.37E-05,1872,1876.312896,20436992,403.4862138,0.215042072,162801.1247,0.374324624,7.733160657,1919.20588,9992904,10444088,4095,4095,0,1821439,5357992.842,5.87762E+12,0.060910776,73.89834944,1.08768172,1.71994463
2022-05-12_07.32.00_2022-05-12_10.43.00,1,375099,4.606138841,0.004111685,53,35.8637537,10459,39.40995739,1.098879881,1553.144741,2.895297798,15.03757469,53.28558502,5895,4564,307,307,0,387,1321.929516,2315652.538,0.977245584,4.400738866,0.288307444,0.51020091,1,38804232081,11.99821781,1.25E-06,1863,1863.248987,20826112,49.7367034,0.026693536,2473.739665,0.023104151,26.33573999,1863.912693,10314016,10512096,2374,2374,1344,1230602,3274037.561,8.74303E+12,0.789577184,6.978365561,0.21561699,0.294981736,1,39214154390,682.6960618,3.22E-06,1872,1882.93208,20826112,680.7305318,0.361526865,463394.0569,0.316687633,2.123074922,2002.205603,10068995,10757117,4095,4095,0,1718607,5730641.406,6.01068E+12,-0.073210528,91.91136838,1.288003702,1.923183314
2022-07-05_07.45.00_2022-07-05_08.05.00,1,121206,8.57106274,0,9,154.9948849,782,479.2539252,3.092062847,229684.3248,3.180988757,8.161809811,503.6940928,60,722,1917,1917,3,21,65.94769657,9396.364568,1.730383707,5.610729839,0.13600217,0.13600217,1,5166219696,12.70276103,1.44E-06,1863,1863.0489,2772992,160.9510785,0.086391226,25905.24968,0.004504793,29.63575995,1869.988357,1373495,1399497,3229,3229,549,114451,323801.8772,1.48413E+11,1.185595365,4.70956467,0.090728994,0.090728994,1,5331207119,1022.087645,-5.63E-05,1872,1922.54688,2772992,1162.243949,0.604533476,1350810.997,0.256121406,-0.20385152,2246.55236,1184044,1588948,4095,4095,0,155543,700293.5927,1.18514E+11,-0.070095336,53.64649537,1.06098966,1.745497676
2022-05-04_07.00.00_2022-05-04_10.00.00,1,2560969,7.067288938,0.019086096,52,356.7306031,7179,654.0911454,1.833571719,427835.2265,1.60311007,0.578157279,745.0449313,1344,5835,1754,1754,2,426,398.8913715,583858.3155,2.354792664,8.09931981,0.090728994,0.170467354,1,39419551296,23.13116937,6.14E-07,1863,1863.294074,21155840,250.1591659,0.134256406,62579.6083,0.00182357,8.226718074,1880.011812,10494496,10661344,2927,2927,813,1083249,2881961.763,8.90112E+12,1.014061462,5.421806409,0.090728994,0.090728994,1,39735870384,348.9478775,-3.31E-07,1872,1878.24593,21155840,452.9163928,0.24113796,205133.2588,0.508377077,8.591093878,1932.082046,10221723,10934117,4095,4095,0,1852893,5437433.303,6.27275E+12,0.082664074,69.0132036,1.115218847,1.772045358
2021-12-15_13.15.00_2021-12-15_16.15.00,1,3851067,10.12246587,0,32,398.2901024,9669,690.2057479,1.732922169,476383.9745,1.473822626,0.231928772,796.8807816,1931,7738,1919,1919,0,323,613.2269009,1148706.114,2.138571751,7.159842065,0.090728994,0.170467354,1,309528021,27.20633859,0.000222893,1866,1864.626633,166000,198.2358745,0.106313978,39297.46193,-0.027331189,6.63713481,1875.134646,83851,82149,2885,2885,852,7268,13277.21744,316540414.4,1.932221536,7.173157231,0.090728994,0.200814335,1,311979028,663.0907415,-0.007265104,1870,1879.391735,166000,669.178775,0.356061359,447800.2328,0.362484568,2.76142232,1994.972062,77049,88951,4095,4095,0,13295,45583.88136,350455164.1,-0.474396307,108.5446366,0.88349118,1.400387445
2022-02-23_12.55.00_2022-02-23_16.00.00,1,6674382,29.66689895,0,120,581.3415208,11481,817.2509214,1.40580174,667899.0685,1.032716605,-0.805758559,1002.924241,3025,8456,2286,2286,0,480,1083.673711,2412902.001,1.48462692,4.723934147,0.170467354,0.249957641,1,33598808021,50.06256352,9.43E-07,1863,1863.856848,18026496,444.5470964,0.238509249,197622.1209,0.023632514,1.419993502,1916.137905,8981376,9045120,4095,4095,0,626255,1937296.916,4.36636E+12,1.541261237,6.8103129,0.090728994,0.090728994,1,34296113578,748.3876581,-1.05E-06,1873,1902.539106,18026496,933.4680011,0.490643266,871362.509,0.333295918,0.987707535,2119.202104,8012886,10013610,4095,4095,0,1300246,4404352.952,4.63409E+12,0.009400255,54.88681241,1.297579937,1.979938797
2022-02-25_11.25.00_2022-02-25_14.20.00,1,6351718,27.86541353,0,141,596.9098769,10641,810.4355119,1.357718381,656805.7189,0.933336256,-1.025499883,1006.532225,3004,7637,2186,2186,0,495,922.2906728,1993807.581,1.611906791,4.967262672,0.170467354,0.260704109,1,26836701621,31.1115171,1.39E-07,1863,1863.726101,14399488,253.5448621,0.136041912,64284.99712,0.015202247,7.667843143,1880.893398,7192832,7206656,4095,4095,0,509451,1512358.733,2.74786E+12,1.596961439,6.856286224,0.090728994,0.13600217,1,27418930437,788.1650028,2.43E-06,1872,1904.160095,14399488,954.0064218,0.501011666,910128.2529,0.324124858,0.844064877,2129.777904,5969277,8430211,4095,4095,0,1015946,3641104.687,2.80351E+12,-0.036024256,69.41797377,1.40922582,2.028874257
2022-03-22_07.55.00_2022-03-22_08.37.00,1,116217,4.830943648,0,5,38.739,3000,176.861093,4.565453238,31279.84621,8.914908655,78.65295887,181.054015,902,2098,1681,1681,0,118,292.2642453,150307.4353,1.527423859,5.218631055,0.249957641,0.249957641,1,8270918615,8.865602697,-0.000129622,1865,1864.512687,4435968,87.09324589,0.046710997,7585.23348,-0.004548935,81.51823607,1866.545685,2229606,2206362,2877,2877,861,226257,523119.7759,3.97853E+11,1.17290834,4.559426037,0.090728994,0.090728994,1,8399056173,632.5024043,-9.36E-05,1874,1893.398729,4435968,799.9114336,0.422473841,639858.3015,0.351649666,1.833102429,2055.435975,2032598,2403370,4095,4095,0,332662,1071694.634,2.99898E+11,0.176111659,46.23287865,0.813571221,1.473215517
2022-03-21_14.20.00_2022-03-21_15.20.00,1,1304882,5.93158411,0.000245218,44,319.9024271,4079,597.3815811,1.867386836,356864.7534,1.861097145,1.618766004,677.6446829,740,3339,1769,1769,0,156,273.1291302,219116.0156,2.073816375,6.796180639,0.090728994,0.170467354,1,13146189289,28.71686629,1.84E-06,1863,1863.291071,7055360,293.1746468,0.157342377,85951.37353,-0.005984372,4.937961921,1886.21446,3499566,3555794,2936,2936,811,321865,762120.5434,7.95964E+11,1.444137101,5.676285181,0.090728994,0.090728994,1,13453013365,923.5825765,-0.000167674,1872,1906.779153,7055360,1016.775463,0.533242385,1033832.343,0.274794496,0.239773765,2160.93477,3244388,3810972,4095,4095,0,472163,1754745.958,6.57748E+11,0.098171527,68.23272111,1.03602015,1.696150145
2022-05-03_09.00.00_2022-05-03_12.12.00,1,2514536,7.257991156,0.007454201,52,317.6523497,7916,625.293172,1.968482754,390991.5509,1.858517468,1.477934622,701.351956,1258,6658,1801,1801,0,465,468.8118741,694832.5062,2.270431631,7.886640483,0.13600217,0.245901454,1,36064640177,17.27414049,3.62E-07,1863,1863.064704,19357696,174.961896,0.0939108,30611.66505,0.011012082,19.66404663,1871.262076,9545671,9812025,2928,2928,803,1099377,2540136.896,7.30732E+12,1.086988521,5.303981762,0.090728994,0.090728994,1,36302750885,295.0958597,-2.15E-05,1872,1875.365275,19357696,356.0606685,0.189862036,126779.1997,0.378650038,9.585299858,1908.867233,9420891,9936805,4095,4095,0,1741088,5011931.171,5.48828E+12,0.014680914,65.12644777,1.237333218,1.879197075
2022-03-23_12.58.00_2022-03-23_16.10.00,1,6701431,27.61192285,0,190,559.4782935,11978,759.89381,1.358218574,577438.6025,0.983701064,-0.923350799,943.6390006,3288,8690,2042,2042,0,636,1141.459352,2598843.222,1.443072839,4.676706651,0.170467354,0.280179081,1,40461035497,44.81496913,4.61E-08,1863,1863.808018,21708800,400.9554277,0.215127,160765.255,0.017362633,2.118201371,1906.448421,10833469,10875331,3425,3425,404,969084,2431419.413,7.24548E+12,1.457547785,6.171171013,0.090728994,0.090728994,1,41167933243,678.8602375,-6.54E-06,1873,1896.370746,21708800,820.6515548,0.432748478,673468.9744,0.414366961,2.285215354,2066.323058,9557541,12151259,4095,4095,0,1611224,5982145.292,8.75193E+12,-0.092494534,52.14335294,1.299687517,1.952721729
2021-12-20_12.55.00_2021-12-20_14.40.00,1,3221659,18.88902112,0,134,479.1996133,6723,737.6136656,1.539261813,544073.9197,1.333043095,-0.126667537,879.6057009,1455,5268,2016,2016,0,273,538.3270673,732923.735,1.741100415,5.399453403,0.090728994,0.170467354,1,167765238,32.05157835,0.000288892,1865,1864.0582,90000,333.5944178,0.178961375,111285.2356,0.008028127,3.630451138,1893.673205,45432,44568,3909,3909,194,3001,5780.964177,76464139.35,2.447347497,9.35170846,0.090728994,0.13600217,1,169438675,475.244336,0.000233336,1870,1882.651944,90000,639.0296077,0.339430562,408358.8395,0.547073623,5.054482188,1988.149185,34800,55200,4095,4095,0,6882,23212.77892,110592157,-0.250777489,74.05260482,1.053988944,1.55910753
2021-12-16_13.26.00_2021-12-16_16.10.00,1,4174134,11.62701847,0,101,440.4953567,9476,707.6808043,1.606556786,500812.1208,1.284772945,-0.296072838,833.5755995,2142,7334,1934,1934,0,384,641.6065283,1213226.168,2.048843735,6.651556939,0.125255702,0.181213822,1,167734817,24.14007626,0.001511934,1865,1864.714703,89952,209.3016097,0.112243234,43807.16381,0.008423497,8.724393545,1876.424283,45390,44562,3117,3117,647,3864,6478.385655,91503754.49,2.10671083,7.571412045,0.090728994,0.13600217,1,168961106,521.2583073,0.000778201,1870,1878.347408,89952,618.4783956,0.329267309,382515.5258,0.43858388,4.353098016,1977.550128,40662,49290,4095,4095,0,7288,23372.20388,128947556.9,-0.110935742,56.32916248,1.1155013,1.7434155
2021-12-22_10.55.00_2021-12-22_12.40.00,1,4570277,27.13864662,0,163,687.1563675,6651,895.7810012,1.303605764,802423.6021,0.825311062,-1.247807975,1128.985153,2033,4618,2251,2251,0,370,538.5927508,701303.2879,1.75372891,5.522088394,0.200814335,0.378035818,1,205102206,58.66406967,-8.18E-05,1865,1864.565509,110000,530.8602693,0.284709905,281812.6255,0.011704352,0.338097027,1938.663757,55239,54761,4095,4095,0,3603,7679.983782,122201849.4,2.339271158,8.769953994,0.090728994,0.13600217,1,207293892,612.0931645,-0.003581851,1870,1884.489927,110000,701.0896554,0.372031522,491526.7049,0.452392055,3.545359635,2010.678739,48435,61565,4095,4095,0,8723,30839.49962,205495341,-0.297394085,66.53434367,1.521765003,2.058754593
2021-12-16_07.50.00_2021-12-16_10.38.00,1,4860634,11.22848279,0.00030024,107,486.4038827,9993,739.4671898,1.520274028,546811.7248,1.123833923,-0.692162063,885.0991255,2516,7477,1933,1933,0,388,655.3352201,1314198.062,2.090702222,6.838089848,0.125255702,0.181213822,1,190392675,35.61442277,0.000186189,1867,1865.716869,102048,332.3457421,0.178133,110453.6923,-0.010174683,2.776368475,1895.086575,51976,50072,3158,3158,735,4190,6815.579732,105072327.3,2.336931806,8.678459761,0.090728994,0.13600217,1,191654214,519.0380217,-0.001087734,1872,1878.07908,102048,577.596782,0.307546571,333618.0425,0.360877313,4.00600128,1964.891619,46832,55216,4095,4095,0,8277,26558.59496,163181717.2,-0.312521106,58.61858785,1.069121727,1.590979628
2022-03-21_10.50.00_2022-03-21_11.52.00,1,1374814,5.915456061,0.000238152,44,327.3366667,4200,607.6285049,1.856279992,369212.4,1.829240165,1.500386307,690.1896068,780,3420,1845,1845,0,180,274.7888383,225476.1557,2.111352718,6.988598876,0.090728994,0.170467354,1,13967450382,27.8110338,5.34E-06,1863,1863.400036,7495680,287.0726358,0.154058511,82410.69825,-0.00454686,5.364595503,1885.383354,3727269,3768411,3133,3133,627,346948,775365.2449,8.60922E+11,1.537711581,5.850870771,0.090728994,0.090728994,1,14254286761,816.2260031,1.11E-05,1872,1901.666928,7495680,944.7190839,0.496784726,892494.1474,0.304059583,0.702835583,2123.40087,3463726,4031954,4095,4095,0,523476,1852742.884,7.26842E+11,0.142695054,69.49537081,1.001318518,1.613171722
2022-05-16_06.46.00_2022-05-16_09.45.00,1,336479,6.224285714,0.025064935,54,43.69289703,7701,25.38724035,0.581038157,644.5119727,0.609087278,6.133901043,50.53297164,5464,2237,223,223,0,410,1083.588553,1284608.283,0.836306787,4.956763253,0.327050251,0.531157245,1,38580018439,12.42989479,1.26E-06,1863,1863.109448,20707328,50.87930944,0.027308814,2588.704129,0.031570072,25.52238428,1863.804045,10254950,10452378,2381,2381,1341,1212121,3450972.901,8.84968E+12,0.681880725,7.751616263,0.21561699,0.294981736,1,39222407225,865.9896221,-8.26E-06,1872,1894.13174,20707328,883.8194026,0.466609256,781136.7364,0.278726709,0.697359275,2090.18463,9916598,10790730,4095,4095,0,1555328,5271978.264,5.61121E+12,0.035069629,76.15440363,0.91469716,1.551284256
2022-05-03_13.29.00_2022-05-03_15.40.00,1,2154834,4.254706799,0.00623576,3,258.3733813,8340,600.1153543,2.322667108,360138.4385,2.07812409,2.333707595,653.3722084,1164,7176,1791,1791,0,250,490.0386055,772358.9804,2.289073358,7.949693506,0.13600217,0.181213822,1,27808611514,24.40912097,1.14E-06,1862,1862.609546,14929920,275.1775457,0.147737644,75722.68163,-0.000523745,6.552010373,1882.826865,7444129,7485791,2942,2942,773,841049,1913015.021,4.4968E+12,1.107891897,4.947816992,0.090728994,0.090728994,1,27973619455,185.6119966,-1.54E-06,1872,1873.661711,14929920,210.8114522,0.112513081,44441.46837,0.457202698,20.78137831,1885.483937,7352876,7577044,4095,4095,0,1363377,3935581.193,3.48276E+12,-0.035332688,61.49068056,0.892726987,1.547221964
2022-03-21_09.30.00_2022-03-21_10.30.00,1,1446462,6.911497916,0,45,354.525,4080,639.053941,1.802563828,408389.9396,1.731638451,1.134237249,730.8063459,792,3288,1818,1818,0,183,293.3071282,228003.5038,1.964614801,6.414052212,0.090728994,0.170467354,1,14327152108,29.71473667,-1.30E-07,1863,1863.526835,7688192,300.0530864,0.161013558,90031.85468,0.001047954,4.902726685,1887.528575,3810622,3877570,3142,3142,623,357553,923686.1767,1.06773E+12,1.238134216,5.328893529,0.090728994,0.090728994,1,14636397586,833.6841845,-7.80E-06,1873,1903.750269,7688192,968.1449828,0.508546209,937304.7078,0.297800429,0.581248349,2135.78318,3492573,4195619,4095,4095,0,528487,1907711.329,7.7248E+11,0.144146033,69.14723307,1.003574231,1.642119833
2022-03-22_12.42.00_2022-03-22_13.22.00,1,59222,3.892221835,0.000348797,11,20.64923291,2868,20.79161341,1.006895196,432.2911884,0.514312336,-0.366724274,29.30327641,1243,1625,183,183,0,134,437.321228,165861.6502,0.822648379,6.530385971,0.288307444,0.475842813,1,8241090594,8.522737424,4.52E-06,1863,1863.811958,4421632,23.78759223,0.012762871,565.8495441,0.131119929,3.636388773,1863.96375,2195659,2225973,2154,2154,1584,258101,633515.1075,4.59485E+11,0.810512041,4.652525209,0.204870522,0.314393167,1,8372786656,685.1678971,6.47E-05,1873,1893.596449,4421632,819.5734214,0.432813138,671700.5931,0.339431637,1.58045103,2063.34876,2078424,2343208,4095,4095,0,334279,1082125.234,2.75934E+11,0.151636255,56.39904311,0.91800861,1.586679538
2022-04-05_10.25.00_2022-04-05_12.10.00,1,3046437,18.31022275,0.000442543,0,449.3269912,6780,758.2352553,1.687491004,574920.7024,1.172809744,-0.588990066,881.3713447,1679,5101,2036,2036,0,173,545.2023434,705120.65,1.734358248,5.501413766,0.090728994,0.170467354,1,22358439637,42.12092241,8.68E-05,1865,1864.277127,11993088,383.1533215,0.205523801,146806.4677,0.007608515,2.258889157,1903.243461,6002785,5990303,3372,3372,446,510214,1335148.103,2.23344E+12,1.438878587,6.022813007,0.090728994,0.090728994,1,22868144366,820.0597628,-3.34E-06,1873,1906.777001,11993088,963.7534165,0.50543583,928820.6478,0.337428654,0.942203972,2136.496941,4679585,7313503,4095,4095,0,789625,3234939.539,2.66661E+12,-0.066053814,48.17927184,1.361495192,2.01669724
2022-03-22_10.24.00_2022-03-22_11.03.00,1,58845,4.036537779,0.000354736,11,20.86702128,2820,20.8205873,0.997774768,433.4968557,0.441095788,-1.168134831,29.477609,1217,1603,135,135,0,123,433.4546545,160483.654,0.811728436,6.629099733,0.307702886,0.51020091,1,8657356118,7.679886791,0,1863,1863.855673,4644864,23.39165944,0.012550145,547.1697312,0.114051408,4.09989133,1864.002452,2318137,2326727,2153,2153,1574,240429,641364.1748,4.9329E+11,0.868199505,4.560008955,0.204870522,0.284235268,1,8785391645,588.5698157,-2.33E-05,1873,1891.420641,4644864,768.9089551,0.406524566,591220.9812,0.379027569,2.296395117,2041.737746,2152116,2492748,4095,4095,0,353440,1130332.446,3.21146E+11,0.191252523,49.80034803,0.732769745,1.275253333
2022-05-02_09.08.00_2022-05-02_10.20.00,1,971053,2.226966765,0.367900715,0,204.217245,4755,559.1441444,2.737986914,312642.1743,2.397879717,3.754149023,595.270407,552,4203,1783,1783,0,70,318.6867494,295090.9204,2.076150923,6.82797966,0.125255702,0.170467354,1,14413511951,28.40565033,2.97E-06,1863,1863.343297,7735296,290.5313458,0.155919388,84408.46292,-0.002194378,5.219562286,1885.857021,3816784,3918512,3006,3006,699,368193,830561.3015,1.0355E+12,1.443334044,5.258276,0.090728994,0.090728994,1,14573901742,570.7481044,1.81E-05,1872,1884.078094,7735296,663.5140584,0.352169085,440250.9057,0.417511357,3.314263322,1997.498728,3652181,4083115,4095,4095,0,620189,2089811.807,8.55747E+11,-0.004823587,80.47005493,0.82954195,1.503925991
2022-05-16_09.50.00_2022-05-16_12.50.00,1,657890,5.685521766,0.025090877,54,58.32358156,11280,65.02881858,1.11496614,4228.747245,2.793517901,8.339498545,87.35208876,2453,8827,391,391,0,573,1181.391957,2354495.069,1.283051198,4.533461853,0.090728994,0.13600217,1,39608984659,12.11553795,-4.70E-07,1863,1863.05024,21260288,50.12515005,0.026904884,2512.530668,0.010572812,26.18151472,1863.724424,10533567,10726721,2382,2382,1339,1259417,3535069.563,9.31558E+12,0.672362979,7.703337145,0.21561699,0.294981736,1,40325497046,904.2115344,-8.69E-05,1872,1896.752153,21260288,917.3205506,0.483626998,841476.9925,0.278326345,0.56077223,2106.92803,10076688,11183600,4095,4095,0,1570256,5483074.002,5.77648E+12,-0.00860812,83.86019183,0.964462195,1.57501885
2022-02-24_13.45.00_2022-02-24_16.35.00,1,6617813,27.6008316,0,176,625.3248606,10583,813.0889256,1.300266432,661113.601,0.829697581,-1.207029369,1025.741089,3199,7384,2188,2188,0,474,901.535824,1921182.103,1.640525013,5.073767219,0.170467354,0.226363458,1,39475133115,31.88741617,4.72E-08,1865,1864.116764,21176320,319.0548179,0.171156026,101795.9768,0.00973887,4.887932116,1891.223754,10708147,10468173,4095,4095,0,670900,2210891.353,6.07572E+12,1.619220529,6.746568576,0.090728994,0.090728994,1,40165944927,599.202773,-2.60E-06,1873,1896.738665,21176320,825.0126713,0.434963807,680645.9078,0.396343808,2.106997475,2068.396353,8488234,12688086,4095,4095,0,1602419,5267323.601,6.78809E+12,0.007163882,52.29858027,1.309877796,1.990397995
2022-04-05_07.14.00_2022-04-05_08.50.00,1,3286157,45.154817,0.001262095,1682,1381.899495,2378,690.9059864,0.499968332,477351.082,-1.373544709,-0.008591961,1544.991035,1875,503,2037,2037,0,148,179.0557279,86975.79185,1.819911387,5.635005342,0.13600217,0.13600217,1,21845578178,46.05124513,-8.68E-05,1865,1864.496805,11716608,406.5497439,0.21804797,165282.6942,0.008927231,1.657860916,1908.305801,5875689,5840919,3377,3377,434,472936,1318326.594,2.17057E+12,1.421354976,5.961991771,0.090728994,0.090728994,1,22390083753,734.0692647,1.03E-05,1873,1910.969775,11716608,1012.209742,0.529683805,1024568.562,0.321090573,0.645108928,2162.492553,4679906,7036702,4095,4095,0,798194,2863028.319,2.57217E+12,0.139792626,32.47985656,1.161260127,1.460520307
2022-05-04_10.06.00_2022-05-04_13.10.00,1,2610927,6.264670139,0.002170139,52,226.6232966,11521,510.7404002,2.253697691,260855.7564,2.602157406,4.906695522,558.7610177,1731,9790,1781,1781,0,594,762.8340661,1719818.029,2.083497885,6.857761079,0.13600217,0.181213822,1,39662499519,21.38220788,9.39E-08,1862,1862.338191,21297152,232.5999002,0.124896703,54102.71356,-0.002931302,10.05107657,1876.807462,10592111,10705041,2969,2969,795,1141081,2815750.835,8.89542E+12,1.066958124,5.305101344,0.090728994,0.090728994,1,39899478785,203.4963663,2.86E-06,1872,1873.465465,21297152,239.4812001,0.127827923,57351.24522,0.254422232,13.06254044,1888.709638,10485467,10811685,4095,4095,0,1939821,5539462.261,7.40597E+12,-0.008555686,53.56889934,1.124782094,1.718000777
2022-03-31_10.36.00_2022-03-31_11.48.00,1,1095802,9.519301471,0.790441176,57,503.3541571,2177,742.6534965,1.475409483,551534.2159,1.0491426,-0.86650121,897.1619828,575,1602,1777,1777,0,116,137.6012612,58397.03121,2.175538353,7.30559414,0.090728994,0.170467354,1,16415385299,25.95536807,0,1863,1863.595641,8808448,272.1205563,0.146019099,74049.59719,-0.005280664,6.393834523,1883.358254,4390572,4417876,2934,2934,796,426476,1074675.024,1.41976E+12,1.20123247,5.282177802,0.090728994,0.090728994,1,16759546210,743.4424762,4.58E-05,1873,1902.667327,8808448,925.5520988,0.486449778,856646.6876,0.347829073,1.143330856,2115.842538,3802377,5006071,4095,4095,0,586396,2221575.532,1.09354E+12,0.041170977,63.52503458,0.903246215,1.487260853
2022-07-07_09.09.00_2022-07-07_10.10.00,1,8557,5.613226453,0.214428858,8,17.114,500,22.93601979,1.340190475,526.061004,2.91391685,8.343850911,28.61730246,76,424,139,139,4,24,77.82642712,5073.684533,0.766200806,6.81998525,0.090728994,0.090728994,1,13693617322,16.06040819,2.72E-06,1862,1861.970644,7354368,60.13284024,0.032295268,3615.958475,-0.036655109,20.6186596,1862.941394,3679780,3674588,2393,2393,1340,411875,1153587.509,1.04831E+12,0.781585054,7.378406528,0.245901454,0.33994229,1,13992584237,1031.876119,5.64E-05,1872,1902.622256,7354368,984.5404779,0.517465027,969319.9527,0.279329245,0.340036941,2142.26315,3455739,3898629,4095,4095,0,533358,2026182.86,8.07565E+11,-0.219188703,79.8962305,1.075669831,1.725863636
2022-02-22_13.57.00_2022-02-22_16.45.00,1,591641,10.05038183,0,4,58.6712614,10084,76.05809959,1.296343351,5784.834513,1.356863754,1.499972249,96.0580628,4011,6073,392,392,0,305,1364.80507,2067391.86,1.000450863,5.219173061,0.170467354,0.367825951,1,22448023386,18.50574465,-1.66E-06,1865,1864.106959,12042240,123.8692862,0.066449667,15343.60007,-0.010278143,5.569861394,1868.217962,6026350,6015890,2909,2909,832,530330,1387499.846,2.09024E+12,1.391386734,6.650497689,0.13600217,0.181213822,1,22967889582,899.6474875,7.31E-05,1873,1907.277183,12042240,995.5110277,0.521954038,991042.2063,0.300743839,0.52084234,2151.452639,5219698,6822542,4095,4095,0,799602,3126510.389,1.8599E+12,-0.112677505,85.29128871,1.395232878,1.98975417
2022-06-22_06.44.00_2022-06-22_08.55.00,1,4398060,12.05338396,0.011391557,114,982.1482805,4478,977.5659804,0.995334411,955635.246,0.049379532,-1.994579233,1385.731031,2184,2294,2129,2129,5,223,246.6360164,230376.1677,2.378387814,8.163418167,0.090728994,0.170467354,1,29211901997,43.81734596,1.91E-06,1862,1861.848848,15689728,446.0230663,0.239559225,198936.5756,0.009825933,1.668041037,1914.528064,7845177,7844551,3267,3267,520,647994,1895629.731,4.41894E+12,1.2291502,5.339659718,0.090728994,0.090728994,1,29596073348,570.0747192,3.19E-06,1872,1886.334381,15689728,689.9663601,0.365770972,476053.5781,0.442344361,3.557795648,2008.559427,7215646,8474082,4095,4095,0,1288657,4202463.366,3.7877E+12,-0.186149887,67.51094134,1.306062336,1.907599865
2022-05-02_11.53.00_2022-05-02_13.07.00,1,1094052,2.645404524,0.008762992,0,222.9119804,4908,567.2803489,2.544862541,321806.9943,2.178612181,2.753117619,609.5053284,648,4260,1732,1732,0,62,331.0573837,322878.2151,2.058812711,6.700810403,0.090728994,0.170467354,1,14028437698,28.63108893,-0.000111015,1862,1862.883627,7530496,288.6150803,0.154929206,83298.66457,-0.004289252,4.997411731,1885.108504,3758771,3771725,3022,3022,689,355248,891347.531,1.05863E+12,1.24987782,5.060728073,0.090728994,0.090728994,1,14144272247,467.0483137,-9.96E-06,1872,1878.265688,7530496,528.9335261,0.281607405,279770.6751,0.391685061,4.744022185,1951.32075,3601846,3928650,4095,4095,0,637340,2055360.135,8.1536E+11,-0.065793889,82.82306494,1.255453579,1.900516434
2022-02-22_11.05.00_2022-02-22_13.50.00,1,607872,10.7142575,0,5,60.01303189,10129,77.50357957,1.291445826,6006.804845,1.347735353,1.484995997,98.02228748,4071,6058,409,409,0,389,1367.734596,2103701.178,0.998639474,5.135398312,0.204870522,0.363345842,1,27268210967,19.65021669,1.42E-05,1866,1864.783773,14622720,133.6893826,0.071691627,17872.85102,-0.062394052,5.95733179,1869.569835,7404410,7218310,2956,2956,752,649885,1840504.704,3.28954E+12,1.209335484,6.761137171,0.13600217,0.13600217,1,28148457855,1085.069593,-3.35E-06,1873,1924.980979,14622720,1204.044621,0.625483906,1449723.45,0.224762063,-0.486309215,2270.523115,5983573,8639147,4095,4095,0,802045,3626895.571,2.77061E+12,0.072785142,70.08710206,1.266455764,1.918521536
2021-12-20_10.00.00_2021-12-20_12.00.00,1,3263703,16.77907129,0,98.5,426.8510332,7646,689.3670264,1.615006109,475226.8971,1.463358361,0.242323326,810.8197714,1522,6124,1956,1956,0,339,584.7341061,895728.2631,1.834490075,5.785993274,0.125255702,0.204870522,1,130512909,35.60816583,0.008285833,1866,1864.470129,70000,363.2412077,0.194822755,131944.175,-0.00321671,2.629772339,1899.524423,35488,34512,3734,3734,145,2390,4624.860841,48787726.19,2.368409564,8.856984067,0.090728994,0.13600217,1,131519018,373.5588937,-0.028157545,1870,1878.843114,70000,562.306347,0.299283289,316188.4279,0.641882003,7.833408164,1961.183285,29438,40562,4095,4095,0,5788,18536.51961,74496558.7,-0.348993209,66.42902013,1.1870157,1.804261444
2021-12-22_13.35.00_2021-12-22_15.20.00,1,4301015,28.30324544,0,196,726.8911611,5917,896.8650644,1.2338368,804366.9437,0.707139074,-1.42690563,1154.442594,1949,3968,2236,2236,0,300,501.935362,551779.8775,1.687769708,5.438995031,0.13600217,0.345571577,1,275958854,32.55982135,-4.73E-05,1866,1864.586851,148000,288.0751987,0.154498139,82987.32008,0.036300834,6.993173541,1886.709158,74920,73080,4095,4095,0,4763,10635.35548,219080670.8,2.25624756,8.641229441,0.090728994,0.200814335,1,277638394,381.0770546,0.000709464,1870,1875.935095,148000,514.660094,0.274348561,264875.0124,0.602418519,8.459002927,1945.252552,63434,84566,4095,4095,0,12654,41867.948,385703422.9,-0.339025197,64.20710718,1.516070402,2.072376232
2022-04-05_12.20.00_2022-04-05_13.55.00,1,3136792,24.39019259,0.254571937,93,507.571521,6180,738.4638728,1.454896191,545328.8915,1.144060136,-0.574142546,896.0790927,1570,4610,2061,2061,0,289,493.2533634,580221.3902,1.77033591,5.652559065,0.090728994,0.13600217,1,21116949314,41.40128555,-2.65E-06,1865,1864.558844,11325440,378.5064732,0.203000551,143267.1503,0.008109915,2.39398212,1902.589507,5688201,5637239,3393,3393,432,479471,1312689.726,2.06815E+12,1.361539363,5.945188372,0.090728994,0.090728994,1,21274733630,302.8174541,-1.68E-06,1873,1878.490693,11325440,427.3130392,0.227476793,182596.4334,0.478429255,9.240855846,1926.479617,5385844,5939596,4095,4095,0,961886,2888543.323,2.14542E+12,0.029660745,47.37989463,0.982149093,1.597165355
