begin_end,timestamp_begin,timestamp_end,brand,model,failure
2022-03-01_01.51.13_2022-03-01_02.35.24,1646099473,1646102124,SMEG,FAB5ULRD3,Normal
2022-03-01_04.27.21_2022-03-01_05.09.35,1646108841,1646111375,SMEG,FAB5ULRD3,Normal
2022-03-01_07.01.55_2022-03-01_07.45.33,1646118115,1646120733,SMEG,FAB5ULRD3,Normal
2022-03-01_09.48.13_2022-03-01_10.34.37,1646128093,1646130877,SMEG,FAB5ULRD3,Normal
2022-03-01_12.23.13_2022-03-01_13.06.06,1646137393,1646139966,SMEG,FAB5ULRD3,Normal
2022-03-01_14.47.42_2022-03-01_15.30.37,1646146062,1646148637,SMEG,FAB5ULRD3,Normal
2022-03-01_17.12.53_2022-03-01_17.55.42,1646154773,1646157342,SMEG,FAB5ULRD3,Normal
2022-03-01_19.37.21_2022-03-01_20.18.04,1646163441,1646165884,SMEG,FAB5ULRD3,Normal
2022-03-01_22.00.58_2022-03-01_22.41.53,1646172058,1646174513,SMEG,FAB5ULRD3,Normal
2022-03-02_00.29.36_2022-03-02_01.11.43,1646180976,1646183503,SMEG,FAB5ULRD3,Normal
2022-03-02_03.08.13_2022-03-02_03.51.40,1646190493,1646193100,SMEG,FAB5ULRD3,Normal
2022-03-02_05.58.11_2022-03-02_06.43.02,1646200691,1646203382,SMEG,FAB5ULRD3,Normal
2022-03-02_08.39.20_2022-03-02_09.22.59,1646210360,1646212979,SMEG,FAB5ULRD3,Normal
2022-03-02_11.05.34_2022-03-02_11.47.14,1646219134,1646221634,SMEG,FAB5ULRD3,Normal
2022-03-02_13.34.08_2022-03-02_14.21.52,1646228048,1646230912,SMEG,FAB5ULRD3,Normal
2022-03-02_15.41.20_2022-03-02_16.19.56,1646235680,1646237996,SMEG,FAB5ULRD3,Normal
2022-03-02_17.54.15_2022-03-02_18.35.35,1646243655,1646246135,SMEG,FAB5ULRD3,Normal
2022-03-02_20.17.41_2022-03-02_20.58.30,1646252261,1646254710,SMEG,FAB5ULRD3,Normal
2022-03-02_22.46.02_2022-03-02_23.28.19,1646261162,1646263699,SMEG,FAB5ULRD3,Normal
2022-03-03_01.24.51_2022-03-03_02.08.35,1646270691,1646273315,SMEG,FAB5ULRD3,Normal
2022-03-03_04.17.27_2022-03-03_05.04.13,1646281047,1646283853,SMEG,FAB5ULRD3,Normal
2022-03-03_07.06.48_2022-03-03_07.52.44,1646291208,1646293964,SMEG,FAB5ULRD3,Normal
2022-03-03_10.00.17_2022-03-03_10.47.30,1646301617,1646304450,SMEG,FAB5ULRD3,Normal
2022-03-03_12.49.06_2022-03-03_13.34.08,1646311746,1646314448,SMEG,FAB5ULRD3,Normal
2022-03-03_15.34.13_2022-03-03_16.20.26,1646321653,1646324426,SMEG,FAB5ULRD3,Normal
2022-03-03_18.24.23_2022-03-03_19.09.47,1646331863,1646334587,SMEG,FAB5ULRD3,Normal
2022-03-03_21.18.05_2022-03-03_22.03.31,1646342285,1646345011,SMEG,FAB5ULRD3,Normal
2022-03-04_00.20.06_2022-03-04_01.06.04,1646353206,1646355964,SMEG,FAB5ULRD3,Normal
2022-03-04_03.32.26_2022-03-04_04.19.18,1646364746,1646367558,SMEG,FAB5ULRD3,Normal
2022-03-04_06.59.14_2022-03-04_07.50.30,1646377154,1646380230,SMEG,FAB5ULRD3,Normal
2022-03-04_10.06.22_2022-03-04_10.53.08,1646388382,1646391188,SMEG,FAB5ULRD3,Normal
2022-03-04_13.02.51_2022-03-04_13.48.25,1646398971,1646401705,SMEG,FAB5ULRD3,Normal
2022-03-04_15.50.17_2022-03-04_16.34.24,1646409017,1646411664,SMEG,FAB5ULRD3,Normal
2022-03-04_18.23.34_2022-03-04_19.05.30,1646418214,1646420730,SMEG,FAB5ULRD3,Normal
2022-03-04_21.07.36_2022-03-04_21.51.02,1646428056,1646430662,SMEG,FAB5ULRD3,Normal
2022-03-05_03.14.46_2022-03-05_04.02.01,1646450086,1646452921,SMEG,FAB5ULRD3,Normal
2022-03-05_07.04.19_2022-03-05_07.54.26,1646463859,1646466866,SMEG,FAB5ULRD3,Normal
2022-03-05_11.05.13_2022-03-05_11.56.18,1646478313,1646481378,SMEG,FAB5ULRD3,Normal
2022-03-05_14.48.03_2022-03-05_15.39.30,1646491683,1646494770,SMEG,FAB5ULRD3,Normal
2022-03-05_18.14.37_2022-03-05_19.01.05,1646504077,1646506865,SMEG,FAB5ULRD3,Normal
2022-03-05_21.37.22_2022-03-05_22.25.14,1646516242,1646519114,SMEG,FAB5ULRD3,Normal
2022-03-06_01.16.02_2022-03-06_02.05.29,1646529362,1646532329,SMEG,FAB5ULRD3,Normal
2022-03-06_05.11.03_2022-03-06_05.58.57,1646543463,1646546337,SMEG,FAB5ULRD3,Normal
2022-03-06_09.18.57_2022-03-06_10.11.46,1646558337,1646561506,SMEG,FAB5ULRD3,Normal
2022-03-06_13.00.31_2022-03-06_13.50.23,1646571631,1646574623,SMEG,FAB5ULRD3,Normal
2022-03-06_16.24.55_2022-03-06_17.14.06,1646583895,1646586846,SMEG,FAB5ULRD3,Normal
2022-03-06_19.48.13_2022-03-06_20.33.12,1646596093,1646598792,SMEG,FAB5ULRD3,Normal
2022-03-07_03.33.23_2022-03-07_04.26.39,1646624003,1646627199,SMEG,FAB5ULRD3,Normal
2022-03-07_08.47.41_2022-03-07_09.47.55,1646642861,1646646475,SMEG,FAB5ULRD3,Normal
2022-03-07_12.45.18_2022-03-07_13.39.45,1646657118,1646660385,SMEG,FAB5ULRD3,Normal
2022-03-07_16.13.22_2022-03-07_17.03.27,1646669602,1646672607,SMEG,FAB5ULRD3,Normal
2022-03-07_19.20.38_2022-03-07_20.06.23,1646680838,1646683583,SMEG,FAB5ULRD3,Normal
2022-03-07_22.17.42_2022-03-07_23.02.38,1646691462,1646694158,SMEG,FAB5ULRD3,Normal
2022-03-08_01.43.13_2022-03-08_02.30.31,1646703793,1646706631,SMEG,FAB5ULRD3,Normal
2022-03-08_04.57.16_2022-03-08_05.43.28,1646715436,1646718208,SMEG,FAB5ULRD3,Normal
2022-03-08_08.12.36_2022-03-08_09.01.21,1646727156,1646730081,SMEG,FAB5ULRD3,Normal
2022-03-08_11.03.15_2022-03-08_11.49.09,1646737395,1646740149,SMEG,FAB5ULRD3,Normal
2022-03-08_13.44.25_2022-03-08_14.27.51,1646747065,1646749671,SMEG,FAB5ULRD3,Normal
2022-03-08_16.30.41_2022-03-08_17.16.44,1646757041,1646759804,SMEG,FAB5ULRD3,Normal
2022-03-08_19.12.08_2022-03-08_19.55.26,1646766728,1646769326,SMEG,FAB5ULRD3,Normal
2022-03-08_21.45.50_2022-03-08_22.28.20,1646775950,1646778500,SMEG,FAB5ULRD3,Normal
2022-03-09_00.31.47_2022-03-09_01.15.39,1646785907,1646788539,SMEG,FAB5ULRD3,Normal
2022-03-09_03.41.15_2022-03-09_04.29.51,1646797275,1646800191,SMEG,FAB5ULRD3,Normal
2022-03-09_06.54.11_2022-03-09_07.41.03,1646808851,1646811663,SMEG,FAB5ULRD3,Normal
2022-03-09_09.27.46_2022-03-09_10.12.29,1646818066,1646820749,SMEG,FAB5ULRD3,Normal
2022-03-09_12.10.29_2022-03-09_12.56.31,1646827829,1646830591,SMEG,FAB5ULRD3,Normal
2022-03-09_14.19.37_2022-03-09_14.59.28,1646835577,1646837968,SMEG,FAB5ULRD3,Normal
2022-03-09_16.37.57_2022-03-09_17.19.30,1646843877,1646846370,SMEG,FAB5ULRD3,Normal
2022-03-09_18.54.22_2022-03-09_19.34.52,1646852062,1646854492,SMEG,FAB5ULRD3,Normal
2022-03-10_12.18.08_2022-03-10_12.59.36,1646914688,1646917176,SMEG,FAB5ULRD3,Normal
2022-03-10_14.26.45_2022-03-10_15.06.54,1646922405,1646924814,SMEG,FAB5ULRD3,Normal
2022-03-10_16.36.30_2022-03-10_17.16.21,1646930190,1646932581,SMEG,FAB5ULRD3,Normal
2022-03-10_18.45.04_2022-03-10_19.27.00,1646937904,1646940420,SMEG,FAB5ULRD3,Normal
2022-03-10_20.55.36_2022-03-10_21.35.59,1646945736,1646948159,SMEG,FAB5ULRD3,Normal
2022-03-10_23.07.09_2022-03-10_23.47.08,1646953629,1646956028,SMEG,FAB5ULRD3,Normal
2022-03-11_01.16.52_2022-03-11_01.58.14,1646961412,1646963894,SMEG,FAB5ULRD3,Normal
2022-03-11_03.28.56_2022-03-11_04.09.01,1646969336,1646971741,SMEG,FAB5ULRD3,Normal
2022-03-11_05.37.43_2022-03-11_06.16.58,1646977063,1646979418,SMEG,FAB5ULRD3,Normal
2022-03-11_07.47.28_2022-03-11_08.28.00,1646984848,1646987280,SMEG,FAB5ULRD3,Normal
2022-03-11_09.55.02_2022-03-11_10.34.38,1646992502,1646994878,SMEG,FAB5ULRD3,Normal
2022-03-11_11.56.33_2022-03-11_12.35.10,1646999793,1647002110,SMEG,FAB5ULRD3,Normal
2022-03-11_13.46.09_2022-03-11_14.23.17,1647006369,1647008597,SMEG,FAB5ULRD3,Normal
2022-03-11_15.34.55_2022-03-11_16.13.03,1647012895,1647015183,SMEG,FAB5ULRD3,Normal
2022-03-11_17.22.37_2022-03-11_17.58.52,1647019357,1647021532,SMEG,FAB5ULRD3,Normal
2022-03-11_19.14.42_2022-03-11_19.53.02,1647026082,1647028382,SMEG,FAB5ULRD3,Normal
2022-03-11_21.08.06_2022-03-11_21.43.55,1647032886,1647035035,SMEG,FAB5ULRD3,Normal
2022-03-11_22.58.57_2022-03-11_23.34.04,1647039537,1647041644,SMEG,FAB5ULRD3,Normal
2022-03-12_00.54.10_2022-03-12_01.31.37,1647046450,1647048697,SMEG,FAB5ULRD3,Normal
2022-03-12_03.09.30_2022-03-12_03.50.54,1647054570,1647057054,SMEG,FAB5ULRD3,Normal
2022-03-12_05.43.30_2022-03-12_06.26.37,1647063810,1647066397,SMEG,FAB5ULRD3,Normal
2022-03-12_08.18.03_2022-03-12_09.00.24,1647073083,1647075624,SMEG,FAB5ULRD3,Normal
2022-03-12_10.45.59_2022-03-12_11.27.51,1647081959,1647084471,SMEG,FAB5ULRD3,Normal
2022-03-12_13.09.07_2022-03-12_13.51.26,1647090547,1647093086,SMEG,FAB5ULRD3,Normal
2022-03-12_15.27.24_2022-03-12_16.07.33,1647098844,1647101253,SMEG,FAB5ULRD3,Normal
2022-03-12_17.39.27_2022-03-12_18.19.16,1647106767,1647109156,SMEG,FAB5ULRD3,Normal
2022-03-12_19.49.05_2022-03-12_20.27.52,1647114545,1647116872,SMEG,FAB5ULRD3,Normal
2022-03-12_21.57.27_2022-03-12_22.35.19,1647122247,1647124519,SMEG,FAB5ULRD3,Normal
2022-03-13_00.05.47_2022-03-13_00.45.07,1647129947,1647132307,SMEG,FAB5ULRD3,Normal
2022-03-13_02.20.44_2022-03-13_02.59.46,1647138044,1647140386,SMEG,FAB5ULRD3,Normal
2022-03-13_04.40.51_2022-03-13_05.21.10,1647146451,1647148870,SMEG,FAB5ULRD3,Normal
2022-03-13_07.20.13_2022-03-13_08.03.34,1647156013,1647158614,SMEG,FAB5ULRD3,Normal
2022-03-13_10.06.07_2022-03-13_10.50.12,1647165967,1647168612,SMEG,FAB5ULRD3,Normal
2022-03-13_12.30.46_2022-03-13_13.14.06,1647174646,1647177246,SMEG,FAB5ULRD3,Normal
2022-03-13_14.53.31_2022-03-13_15.35.34,1647183211,1647185734,SMEG,FAB5ULRD3,Normal
2022-03-13_17.11.49_2022-03-13_17.51.29,1647191509,1647193889,SMEG,FAB5ULRD3,Normal
2022-03-13_19.27.31_2022-03-13_20.06.25,1647199651,1647201985,SMEG,FAB5ULRD3,Normal
2022-03-13_21.54.08_2022-03-13_22.37.27,1647208448,1647211047,SMEG,FAB5ULRD3,Normal
2022-03-14_00.46.18_2022-03-14_01.29.23,1647218778,1647221363,SMEG,FAB5ULRD3,Normal
2022-03-14_03.47.38_2022-03-14_04.34.08,1647229658,1647232448,SMEG,FAB5ULRD3,Normal
2022-03-14_06.50.24_2022-03-14_07.36.12,1647240624,1647243372,SMEG,FAB5ULRD3,Normal
2022-03-14_09.37.25_2022-03-14_10.20.11,1647250645,1647253211,SMEG,FAB5ULRD3,Normal
2022-03-14_12.02.25_2022-03-14_12.46.24,1647259345,1647261984,SMEG,FAB5ULRD3,Normal
2022-03-14_14.11.30_2022-03-14_14.51.01,1647267090,1647269461,SMEG,FAB5ULRD3,Normal
2022-03-14_16.00.42_2022-03-14_16.37.46,1647273642,1647275866,SMEG,FAB5ULRD3,Normal
2022-03-14_17.57.42_2022-03-14_18.35.49,1647280662,1647282949,SMEG,FAB5ULRD3,Normal
2022-03-14_20.03.56_2022-03-14_20.43.16,1647288236,1647290596,SMEG,FAB5ULRD3,Normal
2022-03-14_22.20.21_2022-03-14_23.01.22,1647296421,1647298882,SMEG,FAB5ULRD3,Normal
2022-04-01_01.15.21_2022-04-01_01.48.23,1648772121,1648774103,SMEG,FAB5ULRD3,Normal
2022-04-01_02.54.45_2022-04-01_03.28.50,1648778085,1648780130,SMEG,FAB5ULRD3,Normal
2022-04-01_04.36.00_2022-04-01_05.09.28,1648784160,1648786168,SMEG,FAB5ULRD3,Normal
2022-04-01_06.17.43_2022-04-01_06.50.56,1648790263,1648792256,SMEG,FAB5ULRD3,Normal
2022-04-01_08.00.01_2022-04-01_08.34.34,1648796401,1648798474,SMEG,FAB5ULRD3,Normal
2022-04-01_09.42.21_2022-04-01_10.17.44,1648802541,1648804664,SMEG,FAB5ULRD3,Normal
2022-04-01_11.16.54_2022-04-01_11.49.28,1648808214,1648810168,SMEG,FAB5ULRD3,Normal
2022-04-01_12.50.26_2022-04-01_13.23.14,1648813826,1648815794,SMEG,FAB5ULRD3,Normal
2022-04-01_14.25.01_2022-04-01_14.57.26,1648819501,1648821446,SMEG,FAB5ULRD3,Normal
2022-04-01_15.55.32_2022-04-01_16.27.37,1648824932,1648826857,SMEG,FAB5ULRD3,Normal
2022-04-01_17.30.23_2022-04-01_18.03.08,1648830623,1648832588,SMEG,FAB5ULRD3,Normal
2022-04-01_19.06.01_2022-04-01_19.39.37,1648836361,1648838377,SMEG,FAB5ULRD3,Normal
2022-04-01_20.47.20_2022-04-01_21.20.41,1648842440,1648844441,SMEG,FAB5ULRD3,Normal
2022-04-01_22.26.56_2022-04-01_23.00.08,1648848416,1648850408,SMEG,FAB5ULRD3,Normal
2022-04-02_00.10.39_2022-04-02_02.30.41,1648854639,1648863041,SMEG,FAB5ULRD3,Malfunction
2022-04-02_03.44.16_2022-04-02_04.19.06,1648867456,1648869546,SMEG,FAB5ULRD3,Normal
2022-04-02_05.35.12_2022-04-02_06.12.11,1648874112,1648876331,SMEG,FAB5ULRD3,Normal
2022-04-02_07.30.16_2022-04-02_08.07.33,1648881016,1648883253,SMEG,FAB5ULRD3,Normal
2022-04-02_09.24.54_2022-04-02_10.00.20,1648887894,1648890020,SMEG,FAB5ULRD3,Normal
2022-04-02_11.06.27_2022-04-02_11.41.11,1648893987,1648896071,SMEG,FAB5ULRD3,Normal
2022-04-02_12.49.59_2022-04-02_13.24.26,1648900199,1648902266,SMEG,FAB5ULRD3,Normal
2022-04-02_14.33.17_2022-04-02_15.07.55,1648906397,1648908475,SMEG,FAB5ULRD3,Normal
2022-04-02_16.20.57_2022-04-02_16.55.31,1648912857,1648914931,SMEG,FAB5ULRD3,Normal
2022-04-02_18.05.54_2022-04-02_18.41.11,1648919154,1648921271,SMEG,FAB5ULRD3,Normal
2022-04-02_19.53.43_2022-04-02_20.27.20,1648925623,1648927640,SMEG,FAB5ULRD3,Normal
2022-04-02_21.40.26_2022-04-02_22.15.39,1648932026,1648934139,SMEG,FAB5ULRD3,Normal
2022-04-03_01.21.29_2022-04-03_01.57.51,1648945289,1648947471,SMEG,FAB5ULRD3,Normal
2022-04-03_03.16.49_2022-04-03_03.51.49,1648952209,1648954309,SMEG,FAB5ULRD3,Normal
2022-04-03_05.11.19_2022-04-03_05.47.07,1648959079,1648961227,SMEG,FAB5ULRD3,Normal
2022-04-03_07.09.35_2022-04-03_07.46.17,1648966175,1648968377,SMEG,FAB5ULRD3,Normal
2022-04-03_09.10.50_2022-04-03_09.48.25,1648973450,1648975705,SMEG,FAB5ULRD3,Normal
2022-04-03_11.00.01_2022-04-03_11.35.18,1648980001,1648982118,SMEG,FAB5ULRD3,Normal
2022-04-03_12.46.06_2022-04-03_13.20.32,1648986366,1648988432,SMEG,FAB5ULRD3,Normal
2022-04-03_14.33.32_2022-04-03_15.08.02,1648992812,1648994882,SMEG,FAB5ULRD3,Normal
2022-04-03_16.21.40_2022-04-03_16.56.27,1648999300,1649001387,SMEG,FAB5ULRD3,Normal
2022-04-03_18.11.17_2022-04-03_18.47.58,1649005877,1649008078,SMEG,FAB5ULRD3,Normal
2022-04-03_20.06.18_2022-04-03_20.42.13,1649012778,1649014933,SMEG,FAB5ULRD3,Normal
2022-04-03_22.03.36_2022-04-03_22.39.46,1649019816,1649021986,SMEG,FAB5ULRD3,Normal
2022-04-04_00.05.05_2022-04-04_00.40.28,1649027105,1649029228,SMEG,FAB5ULRD3,Normal
2022-04-04_02.02.47_2022-04-04_02.39.35,1649034167,1649036375,SMEG,FAB5ULRD3,Normal
2022-04-04_04.06.41_2022-04-04_04.44.44,1649041601,1649043884,SMEG,FAB5ULRD3,Normal
2022-04-04_06.17.20_2022-04-04_06.56.49,1649049440,1649051809,SMEG,FAB5ULRD3,Normal
2022-04-04_08.35.42_2022-04-04_09.14.56,1649057742,1649060096,SMEG,FAB5ULRD3,Normal
2022-04-04_10.37.12_2022-04-04_11.15.58,1649065032,1649067358,SMEG,FAB5ULRD3,Normal
2022-04-04_12.21.18_2022-04-04_12.58.25,1649071278,1649073505,SMEG,FAB5ULRD3,Normal
2022-04-04_14.07.11_2022-04-04_14.42.56,1649077631,1649079776,SMEG,FAB5ULRD3,Normal
2022-04-04_15.55.28_2022-04-04_16.31.08,1649084128,1649086268,SMEG,FAB5ULRD3,Normal
2022-04-04_17.41.40_2022-04-04_18.17.06,1649090500,1649092626,SMEG,FAB5ULRD3,Normal
2022-04-04_19.32.59_2022-04-04_20.09.59,1649097179,1649099399,SMEG,FAB5ULRD3,Normal
2022-04-04_21.33.42_2022-04-04_22.11.20,1649104422,1649106680,SMEG,FAB5ULRD3,Normal
2022-04-05_01.49.19_2022-04-05_02.27.45,1649119759,1649122065,SMEG,FAB5ULRD3,Normal
2022-04-05_04.00.43_2022-04-05_04.38.27,1649127643,1649129907,SMEG,FAB5ULRD3,Normal
2022-04-05_06.14.55_2022-04-05_06.55.04,1649135695,1649138104,SMEG,FAB5ULRD3,Normal
2022-04-05_08.27.38_2022-04-05_09.08.24,1649143658,1649146104,SMEG,FAB5ULRD3,Normal
2022-04-05_10.36.23_2022-04-05_11.13.31,1649151383,1649153611,SMEG,FAB5ULRD3,Normal
2022-04-05_12.31.31_2022-04-05_13.07.44,1649158291,1649160464,SMEG,FAB5ULRD3,Normal
2022-04-05_14.30.48_2022-04-05_15.08.35,1649165448,1649167715,SMEG,FAB5ULRD3,Normal
2022-04-05_16.12.05_2022-04-05_16.45.28,1649171525,1649173528,SMEG,FAB5ULRD3,Normal
2022-04-05_17.53.14_2022-04-05_18.27.47,1649177594,1649179667,SMEG,FAB5ULRD3,Normal
2022-04-05_19.32.20_2022-04-05_20.08.23,1649183540,1649185703,SMEG,FAB5ULRD3,Normal
2022-04-05_20.59.23_2022-04-05_21.26.58,1649188763,1649190418,SMEG,FAB5ULRD3,Normal
2022-04-05_22.20.25_2022-04-05_22.52.03,1649193625,1649195523,SMEG,FAB5ULRD3,Normal
2022-04-06_01.39.15_2022-04-06_02.12.50,1649205555,1649207570,SMEG,FAB5ULRD3,Normal
2022-04-06_03.26.56_2022-04-06_04.02.54,1649212016,1649214174,SMEG,FAB5ULRD3,Normal
2022-04-06_05.20.52_2022-04-06_05.56.49,1649218852,1649221009,SMEG,FAB5ULRD3,Normal
2022-04-06_07.17.29_2022-04-06_07.54.20,1649225849,1649228060,SMEG,FAB5ULRD3,Normal
2022-04-06_09.08.09_2022-04-06_09.44.24,1649232489,1649234664,SMEG,FAB5ULRD3,Normal
2022-04-06_10.56.39_2022-04-06_11.31.45,1649238999,1649241105,SMEG,FAB5ULRD3,Normal
2022-04-06_12.38.52_2022-04-06_13.15.26,1649245132,1649247326,SMEG,FAB5ULRD3,Normal
2022-04-06_14.26.58_2022-04-06_15.00.57,1649251618,1649253657,SMEG,FAB5ULRD3,Normal
2022-04-06_16.15.23_2022-04-06_16.51.32,1649258123,1649260292,SMEG,FAB5ULRD3,Normal
2022-04-06_18.05.06_2022-04-06_18.41.12,1649264706,1649266872,SMEG,FAB5ULRD3,Normal
2022-04-06_19.58.04_2022-04-06_20.33.49,1649271484,1649273629,SMEG,FAB5ULRD3,Normal
2022-04-06_21.50.15_2022-04-06_22.26.22,1649278215,1649280382,SMEG,FAB5ULRD3,Normal
2022-04-07_01.41.16_2022-04-07_02.18.49,1649292076,1649294329,SMEG,FAB5ULRD3,Normal
2022-04-07_03.39.24_2022-04-07_04.15.34,1649299164,1649301334,SMEG,FAB5ULRD3,Normal
2022-04-07_05.34.57_2022-04-07_06.10.59,1649306097,1649308259,SMEG,FAB5ULRD3,Normal
2022-04-07_07.30.46_2022-04-07_08.08.23,1649313046,1649315303,SMEG,FAB5ULRD3,Normal
2022-04-07_09.17.20_2022-04-07_09.52.25,1649319440,1649321545,SMEG,FAB5ULRD3,Normal
2022-04-07_11.10.52_2022-04-07_12.28.21,1649326252,1649330901,SMEG,FAB5ULRD3,Normal
2022-04-07_12.51.10_2022-04-07_13.24.46,1649332270,1649334286,SMEG,FAB5ULRD3,Normal
2022-04-07_14.16.55_2022-04-07_14.46.43,1649337415,1649339203,SMEG,FAB5ULRD3,Normal
2022-04-07_15.58.17_2022-04-07_16.33.00,1649343497,1649345580,SMEG,FAB5ULRD3,Normal
2022-04-07_17.36.36_2022-04-07_18.08.50,1649349396,1649351330,SMEG,FAB5ULRD3,Normal
2022-04-07_19.16.13_2022-04-07_19.49.15,1649355373,1649357355,SMEG,FAB5ULRD3,Normal
2022-04-07_20.59.07_2022-04-07_21.32.50,1649361547,1649363570,SMEG,FAB5ULRD3,Normal
2022-04-07_22.47.00_2022-04-07_23.22.53,1649368020,1649370173,SMEG,FAB5ULRD3,Normal
2022-04-08_00.36.38_2022-04-08_01.13.14,1649374598,1649376794,SMEG,FAB5ULRD3,Normal
2022-04-08_02.29.05_2022-04-08_03.03.55,1649381345,1649383435,SMEG,FAB5ULRD3,Normal
2022-04-08_04.18.26_2022-04-08_04.53.19,1649387906,1649389999,SMEG,FAB5ULRD3,Normal
2022-04-08_06.07.43_2022-04-08_06.43.20,1649394463,1649396600,SMEG,FAB5ULRD3,Normal
2022-04-08_07.59.38_2022-04-08_08.35.48,1649401178,1649403348,SMEG,FAB5ULRD3,Normal
2022-04-08_09.41.59_2022-04-08_10.16.40,1649407319,1649409400,SMEG,FAB5ULRD3,Normal
2022-04-08_10.39.24_2022-04-08_11.08.16,1649410764,1649412496,SMEG,FAB5ULRD3,Normal
2022-04-08_12.04.54_2022-04-08_12.35.54,1649415894,1649417754,SMEG,FAB5ULRD3,Normal
2022-04-08_13.48.28_2022-04-08_14.23.08,1649422108,1649424188,SMEG,FAB5ULRD3,Normal
2022-04-08_15.38.33_2022-04-08_16.16.41,1649428713,1649431001,SMEG,FAB5ULRD3,Normal
2022-04-08_17.30.14_2022-04-08_18.06.53,1649435414,1649437613,SMEG,FAB5ULRD3,Normal
2022-04-08_19.19.43_2022-04-08_19.54.10,1649441983,1649444050,SMEG,FAB5ULRD3,Normal
2022-04-08_20.57.52_2022-04-08_21.30.46,1649447872,1649449846,SMEG,FAB5ULRD3,Normal
2022-04-08_22.39.04_2022-04-08_23.12.52,1649453944,1649455972,SMEG,FAB5ULRD3,Normal
2022-04-09_00.20.36_2022-04-09_00.56.13,1649460036,1649462173,SMEG,FAB5ULRD3,Normal
2022-04-09_02.09.13_2022-04-09_02.44.15,1649466553,1649468655,SMEG,FAB5ULRD3,Normal
2022-04-09_03.55.05_2022-04-09_04.30.26,1649472905,1649475026,SMEG,FAB5ULRD3,Normal
2022-04-09_05.43.10_2022-04-09_06.18.53,1649479390,1649481533,SMEG,FAB5ULRD3,Normal
2022-04-09_07.31.31_2022-04-09_08.06.51,1649485891,1649488011,SMEG,FAB5ULRD3,Normal
2022-04-09_09.20.40_2022-04-09_09.55.22,1649492440,1649494522,SMEG,FAB5ULRD3,Normal
2022-04-09_10.57.55_2022-04-09_11.30.54,1649498275,1649500254,SMEG,FAB5ULRD3,Normal
2022-04-09_12.26.44_2022-04-09_13.01.17,1649503604,1649505677,SMEG,FAB5ULRD3,Normal
2022-04-09_13.54.38_2022-04-09_14.24.03,1649508878,1649510643,SMEG,FAB5ULRD3,Normal
2022-04-09_15.19.08_2022-04-09_15.50.01,1649513948,1649515801,SMEG,FAB5ULRD3,Normal
2022-04-09_16.49.07_2022-04-09_17.22.10,1649519347,1649521330,SMEG,FAB5ULRD3,Normal
2022-04-09_18.25.02_2022-04-09_18.58.30,1649525102,1649527110,SMEG,FAB5ULRD3,Normal
2022-04-09_20.02.17_2022-04-09_20.34.39,1649530937,1649532879,SMEG,FAB5ULRD3,Normal
2022-04-09_21.38.53_2022-04-09_22.11.10,1649536733,1649538670,SMEG,FAB5ULRD3,Normal
2022-04-09_23.16.04_2022-04-09_23.50.43,1649542564,1649544643,SMEG,FAB5ULRD3,Normal
2022-04-10_00.59.27_2022-04-10_01.33.21,1649548767,1649550801,SMEG,FAB5ULRD3,Normal
2022-04-10_02.41.36_2022-04-10_03.15.35,1649554896,1649556935,SMEG,FAB5ULRD3,Normal
2022-04-10_04.25.39_2022-04-10_05.01.12,1649561139,1649563272,SMEG,FAB5ULRD3,Normal
2022-04-10_06.10.58_2022-04-10_06.45.11,1649567458,1649569511,SMEG,FAB5ULRD3,Normal
2022-04-10_07.56.41_2022-04-10_08.31.14,1649573801,1649575874,SMEG,FAB5ULRD3,Normal
2022-04-10_09.39.12_2022-04-10_10.13.31,1649579952,1649582011,SMEG,FAB5ULRD3,Normal
2022-04-10_11.17.59_2022-04-10_11.51.15,1649585879,1649587875,SMEG,FAB5ULRD3,Normal
2022-04-10_12.52.30_2022-04-10_13.25.19,1649591550,1649593519,SMEG,FAB5ULRD3,Normal
2022-04-10_14.26.22_2022-04-10_14.58.52,1649597182,1649599132,SMEG,FAB5ULRD3,Normal
2022-04-10_16.00.25_2022-04-10_16.32.42,1649602825,1649604762,SMEG,FAB5ULRD3,Normal
2022-04-10_17.34.41_2022-04-10_18.07.21,1649608481,1649610441,SMEG,FAB5ULRD3,Normal
2022-04-10_19.12.22_2022-04-10_19.45.00,1649614342,1649616300,SMEG,FAB5ULRD3,Normal
2022-04-10_20.49.50_2022-04-10_21.24.33,1649620190,1649622273,SMEG,FAB5ULRD3,Normal
2022-04-10_22.29.46_2022-04-10_23.02.34,1649626186,1649628154,SMEG,FAB5ULRD3,Normal
2022-04-11_00.07.43_2022-04-11_00.40.47,1649632063,1649634047,SMEG,FAB5ULRD3,Normal
2022-04-11_01.45.58_2022-04-11_02.18.15,1649637958,1649639895,SMEG,FAB5ULRD3,Normal
2022-04-11_03.23.38_2022-04-11_03.56.50,1649643818,1649645810,SMEG,FAB5ULRD3,Normal
2022-04-11_05.03.33_2022-04-11_05.35.58,1649649813,1649651758,SMEG,FAB5ULRD3,Normal
2022-04-11_06.41.58_2022-04-11_07.15.52,1649655718,1649657752,SMEG,FAB5ULRD3,Normal
2022-04-11_08.21.37_2022-04-11_08.54.55,1649661697,1649663695,SMEG,FAB5ULRD3,Normal
2022-04-11_10.00.15_2022-04-11_10.34.31,1649667615,1649669671,SMEG,FAB5ULRD3,Normal
2022-04-11_11.35.12_2022-04-11_12.07.56,1649673312,1649675276,SMEG,FAB5ULRD3,Normal
2022-04-11_12.58.21_2022-04-11_13.28.20,1649678301,1649680100,SMEG,FAB5ULRD3,Normal
2022-04-11_14.18.38_2022-04-11_14.49.44,1649683118,1649684984,SMEG,FAB5ULRD3,Normal
2022-04-11_15.49.35_2022-04-11_16.24.51,1649688575,1649690691,SMEG,FAB5ULRD3,Normal
2022-04-11_17.20.23_2022-04-11_18.36.49,1649694023,1649698609,SMEG,FAB5ULRD3,Normal
2022-04-11_18.40.36_2022-04-11_19.10.50,1649698836,1649700650,SMEG,FAB5ULRD3,Normal
2022-04-11_20.09.02_2022-04-11_20.42.38,1649704142,1649706158,SMEG,FAB5ULRD3,Normal
2022-04-11_21.41.25_2022-04-11_22.14.03,1649709685,1649711643,SMEG,FAB5ULRD3,Normal
2022-04-11_23.12.47_2022-04-11_23.45.52,1649715167,1649717152,SMEG,FAB5ULRD3,Normal
2022-04-12_00.43.57_2022-04-12_01.16.36,1649720637,1649722596,SMEG,FAB5ULRD3,Normal
2022-04-12_02.15.40_2022-04-12_02.48.11,1649726140,1649728091,SMEG,FAB5ULRD3,Normal
2022-04-12_03.46.00_2022-04-12_04.18.44,1649731560,1649733524,SMEG,FAB5ULRD3,Normal
2022-04-12_05.16.18_2022-04-12_05.49.09,1649736978,1649738949,SMEG,FAB5ULRD3,Normal
2022-04-12_06.46.17_2022-04-12_07.18.33,1649742377,1649744313,SMEG,FAB5ULRD3,Normal
2022-04-12_08.07.11_2022-04-12_08.38.33,1649747231,1649749113,SMEG,FAB5ULRD3,Normal
2022-04-12_09.27.51_2022-04-12_09.58.44,1649752071,1649753924,SMEG,FAB5ULRD3,Normal
2022-04-12_10.40.07_2022-04-12_11.12.56,1649756407,1649758376,SMEG,FAB5ULRD3,Normal
2022-04-12_11.54.17_2022-04-12_12.27.32,1649760857,1649762852,SMEG,FAB5ULRD3,Normal
2022-04-12_13.08.55_2022-04-12_13.41.32,1649765335,1649767292,SMEG,FAB5ULRD3,Normal
2022-04-12_14.26.20_2022-04-12_14.59.51,1649769980,1649771991,SMEG,FAB5ULRD3,Normal
2022-04-12_15.55.17_2022-04-12_16.25.51,1649775317,1649777151,SMEG,FAB5ULRD3,Normal
2022-04-12_17.19.54_2022-04-12_17.51.04,1649780394,1649782264,SMEG,FAB5ULRD3,Normal
2022-04-12_18.42.41_2022-04-12_19.14.39,1649785361,1649787279,SMEG,FAB5ULRD3,Normal
2022-04-12_20.08.05_2022-04-12_20.39.44,1649790485,1649792384,SMEG,FAB5ULRD3,Normal
2022-04-12_21.32.36_2022-04-12_22.04.33,1649795556,1649797473,SMEG,FAB5ULRD3,Normal
2022-04-12_22.58.17_2022-04-12_23.29.42,1649800697,1649802582,SMEG,FAB5ULRD3,Normal
2022-04-13_00.22.40_2022-04-13_00.54.50,1649805760,1649807690,SMEG,FAB5ULRD3,Normal
2022-04-13_04.42.52_2022-04-13_05.12.49,1649821372,1649823169,SMEG,FAB5ULRD3,Normal
2022-04-13_06.04.49_2022-04-13_06.36.02,1649826289,1649828162,SMEG,FAB5ULRD3,Normal
2022-04-13_07.28.18_2022-04-13_07.59.19,1649831298,1649833159,SMEG,FAB5ULRD3,Normal
2022-04-13_08.51.39_2022-04-13_09.25.52,1649836299,1649838352,SMEG,FAB5ULRD3,Normal
2022-04-13_10.11.33_2022-04-13_10.40.13,1649841093,1649842813,SMEG,FAB5ULRD3,Normal
2022-04-13_11.07.48_2022-04-13_11.39.51,1649844468,1649846391,SMEG,FAB5ULRD3,Normal
2022-04-13_12.22.06_2022-04-13_12.57.11,1649848926,1649851031,SMEG,FAB5ULRD3,Normal
2022-04-13_13.45.54_2022-04-13_14.19.41,1649853954,1649855981,SMEG,FAB5ULRD3,Normal
2022-04-13_15.11.02_2022-04-13_15.42.44,1649859062,1649860964,SMEG,FAB5ULRD3,Normal
2022-04-13_16.25.57_2022-04-13_17.01.04,1649863557,1649865664,SMEG,FAB5ULRD3,Normal
2022-04-13_17.44.20_2022-04-13_18.16.20,1649868260,1649870180,SMEG,FAB5ULRD3,Normal
2022-04-13_19.08.13_2022-04-13_19.40.42,1649873293,1649875242,SMEG,FAB5ULRD3,Normal
2022-04-13_20.32.41_2022-04-13_21.05.30,1649878361,1649880330,SMEG,FAB5ULRD3,Normal
2022-04-13_21.58.18_2022-04-13_22.30.17,1649883498,1649885417,SMEG,FAB5ULRD3,Normal
2022-04-13_23.22.50_2022-04-13_23.54.38,1649888570,1649890478,SMEG,FAB5ULRD3,Normal
2022-04-14_00.47.06_2022-04-14_01.17.55,1649893626,1649895475,SMEG,FAB5ULRD3,Normal
2022-04-14_02.08.12_2022-04-14_02.38.20,1649898492,1649900300,SMEG,FAB5ULRD3,Normal
2022-04-14_03.31.07_2022-04-14_04.01.56,1649903467,1649905316,SMEG,FAB5ULRD3,Normal
2022-04-14_04.52.55_2022-04-14_05.23.20,1649908375,1649910200,SMEG,FAB5ULRD3,Normal
2022-04-14_06.13.53_2022-04-14_06.42.59,1649913233,1649914979,SMEG,FAB5ULRD3,Normal
2022-04-14_07.32.53_2022-04-14_08.04.07,1649917973,1649919847,SMEG,FAB5ULRD3,Normal
2022-04-14_08.54.59_2022-04-14_09.24.41,1649922899,1649924681,SMEG,FAB5ULRD3,Normal
2022-04-14_10.11.02_2022-04-14_10.40.28,1649927462,1649929228,SMEG,FAB5ULRD3,Normal
2022-04-14_11.30.10_2022-04-14_12.01.00,1649932210,1649934060,SMEG,FAB5ULRD3,Normal
2022-04-14_12.45.31_2022-04-14_13.14.58,1649936731,1649938498,SMEG,FAB5ULRD3,Normal
2022-04-14_14.00.35_2022-04-14_14.30.50,1649941235,1649943050,SMEG,FAB5ULRD3,Normal
2022-04-14_15.17.16_2022-04-14_15.45.24,1649945836,1649947524,SMEG,FAB5ULRD3,Normal
2022-04-14_16.31.25_2022-04-14_17.01.23,1649950285,1649952083,SMEG,FAB5ULRD3,Normal
2022-04-14_17.47.26_2022-04-14_18.16.39,1649954846,1649956599,SMEG,FAB5ULRD3,Normal
2022-04-14_19.04.03_2022-04-14_19.33.39,1649959443,1649961219,SMEG,FAB5ULRD3,Normal
2022-04-14_22.55.21_2022-04-14_23.23.42,1649973321,1649975022,SMEG,FAB5ULRD3,Normal
2022-04-15_00.12.16_2022-04-15_00.42.35,1649977936,1649979755,SMEG,FAB5ULRD3,Normal
2022-04-15_01.37.37_2022-04-15_02.08.53,1649983057,1649984933,SMEG,FAB5ULRD3,Normal
2022-04-15_02.57.48_2022-04-15_03.27.41,1649987868,1649989661,SMEG,FAB5ULRD3,Normal
2022-04-15_04.18.15_2022-04-15_04.48.54,1649992695,1649994534,SMEG,FAB5ULRD3,Normal
2022-04-15_05.41.36_2022-04-15_06.13.10,1649997696,1649999590,SMEG,FAB5ULRD3,Normal
2022-04-15_07.04.46_2022-04-15_07.34.08,1650002686,1650004448,SMEG,FAB5ULRD3,Normal
2022-04-15_08.24.45_2022-04-15_08.55.33,1650007485,1650009333,SMEG,FAB5ULRD3,Normal
2022-04-15_09.45.16_2022-04-15_10.14.28,1650012316,1650014068,SMEG,FAB5ULRD3,Normal
2022-04-15_17.18.29_2022-04-15_17.46.41,1650039509,1650041201,SMEG,FAB5ULRD3,Normal
2022-04-15_18.32.01_2022-04-15_19.00.01,1650043921,1650045601,SMEG,FAB5ULRD3,Normal
2022-04-15_19.45.37_2022-04-15_20.15.04,1650048337,1650050104,SMEG,FAB5ULRD3,Normal
2022-04-15_21.03.02_2022-04-15_21.32.13,1650052982,1650054733,SMEG,FAB5ULRD3,Normal
2022-04-15_22.20.27_2022-04-15_22.49.33,1650057627,1650059373,SMEG,FAB5ULRD3,Normal
2022-04-16_00.55.08_2022-04-16_01.23.59,1650066908,1650068639,SMEG,FAB5ULRD3,Normal
2022-04-16_02.11.47_2022-04-16_02.40.00,1650071507,1650073200,SMEG,FAB5ULRD3,Normal
2022-04-16_03.28.40_2022-04-16_03.58.12,1650076120,1650077892,SMEG,FAB5ULRD3,Normal
2022-04-16_04.54.40_2022-04-16_05.28.00,1650081280,1650083280,SMEG,FAB5ULRD3,Normal
2022-04-16_06.18.03_2022-04-16_06.46.38,1650086283,1650087998,SMEG,FAB5ULRD3,Normal
2022-04-16_07.36.01_2022-04-16_08.05.40,1650090961,1650092740,SMEG,FAB5ULRD3,Normal
2022-04-16_08.56.00_2022-04-16_09.25.14,1650095760,1650097514,SMEG,FAB5ULRD3,Normal
2022-04-16_10.16.00_2022-04-16_10.45.12,1650100560,1650102312,SMEG,FAB5ULRD3,Normal
2022-04-16_11.36.44_2022-04-16_12.07.43,1650105404,1650107263,SMEG,FAB5ULRD3,Normal
2022-04-16_13.02.58_2022-04-16_13.33.42,1650110578,1650112422,SMEG,FAB5ULRD3,Normal
2022-04-16_14.23.20_2022-04-16_14.53.28,1650115400,1650117208,SMEG,FAB5ULRD3,Normal
2022-04-16_15.42.43_2022-04-16_16.11.43,1650120163,1650121903,SMEG,FAB5ULRD3,Normal
2022-04-16_16.59.14_2022-04-16_17.28.09,1650124754,1650126489,SMEG,FAB5ULRD3,Normal
2022-04-16_18.17.28_2022-04-16_18.45.59,1650129448,1650131159,SMEG,FAB5ULRD3,Normal
2022-04-16_19.36.04_2022-04-16_20.05.53,1650134164,1650135953,SMEG,FAB5ULRD3,Normal
2022-04-16_20.55.07_2022-04-16_21.23.45,1650138907,1650140625,SMEG,FAB5ULRD3,Normal
2022-04-16_22.13.09_2022-04-16_22.41.47,1650143589,1650145307,SMEG,FAB5ULRD3,Normal
2022-04-16_23.30.54_2022-04-16_23.59.19,1650148254,1650149959,SMEG,FAB5ULRD3,Normal
2022-04-17_00.51.36_2022-04-17_01.23.46,1650153096,1650155026,SMEG,FAB5ULRD3,Normal
2022-04-17_02.16.32_2022-04-17_02.47.48,1650158192,1650160068,SMEG,FAB5ULRD3,Normal
2022-04-17_03.40.36_2022-04-17_04.10.17,1650163236,1650165017,SMEG,FAB5ULRD3,Normal
2022-04-17_05.02.16_2022-04-17_05.32.43,1650168136,1650169963,SMEG,FAB5ULRD3,Normal
2022-04-17_06.26.48_2022-04-17_06.57.37,1650173208,1650175057,SMEG,FAB5ULRD3,Normal
2022-04-17_07.52.28_2022-04-17_08.25.14,1650178348,1650180314,SMEG,FAB5ULRD3,Normal
2022-04-17_09.19.36_2022-04-17_09.51.36,1650183576,1650185496,SMEG,FAB5ULRD3,Normal
2022-04-17_10.42.02_2022-04-17_11.13.49,1650188522,1650190429,SMEG,FAB5ULRD3,Normal
2022-04-17_12.03.14_2022-04-17_12.31.57,1650193394,1650195117,SMEG,FAB5ULRD3,Normal
2022-04-17_13.21.27_2022-04-17_13.51.30,1650198087,1650199890,SMEG,FAB5ULRD3,Normal
2022-04-17_14.39.39_2022-04-17_15.09.18,1650202779,1650204558,SMEG,FAB5ULRD3,Normal
2022-04-17_15.58.02_2022-04-17_16.27.31,1650207482,1650209251,SMEG,FAB5ULRD3,Normal
2022-04-17_17.16.57_2022-04-17_17.46.25,1650212217,1650213985,SMEG,FAB5ULRD3,Normal
2022-04-17_18.40.44_2022-04-17_19.14.11,1650217244,1650219251,SMEG,FAB5ULRD3,Normal
2022-04-17_20.05.33_2022-04-17_20.36.08,1650222333,1650224168,SMEG,FAB5ULRD3,Normal
2022-04-17_21.26.23_2022-04-17_21.54.17,1650227183,1650228857,SMEG,FAB5ULRD3,Normal
2022-04-17_22.42.45_2022-04-17_23.10.42,1650231765,1650233442,SMEG,FAB5ULRD3,Normal
2022-04-18_01.20.53_2022-04-18_01.52.35,1650241253,1650243155,SMEG,FAB5ULRD3,Normal
2022-04-18_02.44.45_2022-04-18_03.13.52,1650246285,1650248032,SMEG,FAB5ULRD3,Normal
2022-04-18_04.05.52_2022-04-18_04.35.46,1650251152,1650252946,SMEG,FAB5ULRD3,Normal
2022-04-18_05.29.27_2022-04-18_05.59.22,1650256167,1650257962,SMEG,FAB5ULRD3,Normal
2022-04-18_06.52.28_2022-04-18_07.23.14,1650261148,1650262994,SMEG,FAB5ULRD3,Normal
2022-04-18_08.16.03_2022-04-18_08.46.54,1650266163,1650268014,SMEG,FAB5ULRD3,Normal
2022-04-18_09.38.33_2022-04-18_10.08.49,1650271113,1650272929,SMEG,FAB5ULRD3,Normal
2022-04-18_10.56.49_2022-04-18_11.26.29,1650275809,1650277589,SMEG,FAB5ULRD3,Normal
2022-04-18_12.11.47_2022-04-18_12.40.52,1650280307,1650282052,SMEG,FAB5ULRD3,Normal
2022-04-18_13.26.57_2022-04-18_13.56.55,1650284817,1650286615,SMEG,FAB5ULRD3,Normal
2022-04-18_14.47.46_2022-04-18_15.17.49,1650289666,1650291469,SMEG,FAB5ULRD3,Normal
2022-04-18_16.06.06_2022-04-18_16.35.02,1650294366,1650296102,SMEG,FAB5ULRD3,Normal
2022-04-18_17.23.28_2022-04-18_17.52.16,1650299008,1650300736,SMEG,FAB5ULRD3,Normal
2022-04-18_18.40.09_2022-04-18_19.09.05,1650303609,1650305345,SMEG,FAB5ULRD3,Normal
2022-04-18_19.58.35_2022-04-18_20.29.32,1650308315,1650310172,SMEG,FAB5ULRD3,Normal
2022-04-18_21.22.24_2022-04-18_21.52.27,1650313344,1650315147,SMEG,FAB5ULRD3,Normal
2022-04-18_22.44.45_2022-04-18_23.14.10,1650318285,1650320050,SMEG,FAB5ULRD3,Normal
2022-04-19_00.06.54_2022-04-19_00.38.44,1650323214,1650325124,SMEG,FAB5ULRD3,Normal
2022-04-19_01.32.34_2022-04-19_02.03.48,1650328354,1650330228,SMEG,FAB5ULRD3,Normal
2022-04-19_03.03.12_2022-04-19_03.36.45,1650333792,1650335805,SMEG,FAB5ULRD3,Normal
2022-04-19_04.31.54_2022-04-19_05.01.51,1650339114,1650340911,SMEG,FAB5ULRD3,Normal
2022-04-19_05.55.41_2022-04-19_06.27.02,1650344141,1650346022,SMEG,FAB5ULRD3,Normal
2022-04-19_07.24.13_2022-04-19_07.56.06,1650349453,1650351366,SMEG,FAB5ULRD3,Normal
2022-04-19_08.44.51_2022-04-19_09.15.10,1650354291,1650356110,SMEG,FAB5ULRD3,Normal
2022-04-19_10.07.34_2022-04-19_10.38.23,1650359254,1650361103,SMEG,FAB5ULRD3,Normal
2022-04-19_11.21.54_2022-04-19_11.51.11,1650363714,1650365471,SMEG,FAB5ULRD3,Normal
2022-04-19_12.35.31_2022-04-19_13.05.55,1650368131,1650369955,SMEG,FAB5ULRD3,Normal
2022-04-19_13.50.19_2022-04-19_14.21.00,1650372619,1650374460,SMEG,FAB5ULRD3,Normal
2022-04-19_15.06.34_2022-04-19_15.36.25,1650377194,1650378985,SMEG,FAB5ULRD3,Normal
2022-04-19_16.27.13_2022-04-19_17.01.09,1650382033,1650384069,SMEG,FAB5ULRD3,Normal
2022-04-19_17.57.46_2022-04-19_18.30.07,1650387466,1650389407,SMEG,FAB5ULRD3,Normal
2022-04-19_19.29.13_2022-04-19_20.03.48,1650392953,1650395028,SMEG,FAB5ULRD3,Normal
2022-04-19_21.07.24_2022-04-19_21.40.11,1650398844,1650400811,SMEG,FAB5ULRD3,Normal
2022-04-19_22.43.32_2022-04-19_23.17.05,1650404612,1650406625,SMEG,FAB5ULRD3,Normal
2022-04-20_00.20.47_2022-04-20_00.54.19,1650410447,1650412459,SMEG,FAB5ULRD3,Normal
2022-04-20_01.59.44_2022-04-20_02.34.29,1650416384,1650418469,SMEG,FAB5ULRD3,Normal
2022-04-20_03.42.09_2022-04-20_04.14.57,1650422529,1650424497,SMEG,FAB5ULRD3,Normal
2022-04-20_05.23.08_2022-04-20_05.59.59,1650428588,1650430799,SMEG,FAB5ULRD3,Normal
2022-04-20_07.08.15_2022-04-20_07.43.48,1650434895,1650437028,SMEG,FAB5ULRD3,Normal
2022-04-20_08.36.16_2022-04-20_09.08.21,1650440176,1650442101,SMEG,FAB5ULRD3,Normal
2022-04-20_10.09.42_2022-04-20_10.43.26,1650445782,1650447806,SMEG,FAB5ULRD3,Normal
2022-04-20_11.40.38_2022-04-20_12.13.15,1650451238,1650453195,SMEG,FAB5ULRD3,Normal
2022-04-20_13.06.03_2022-04-20_13.36.22,1650456363,1650458182,SMEG,FAB5ULRD3,Normal
2022-04-20_14.32.21_2022-04-20_15.04.08,1650461541,1650463448,SMEG,FAB5ULRD3,Normal
2022-04-20_15.55.41_2022-04-20_16.30.20,1650466541,1650468620,SMEG,FAB5ULRD3,Normal
2022-04-20_17.20.50_2022-04-20_17.56.23,1650471650,1650473783,SMEG,FAB5ULRD3,Normal
2022-04-20_18.44.43_2022-04-20_19.19.47,1650476683,1650478787,SMEG,FAB5ULRD3,Normal
2022-04-20_20.16.50_2022-04-20_20.54.46,1650482210,1650484486,SMEG,FAB5ULRD3,Normal
2022-04-20_21.59.34_2022-04-20_22.35.37,1650488374,1650490537,SMEG,FAB5ULRD3,Normal
2022-04-21_01.23.51_2022-04-21_01.56.00,1650500631,1650502560,SMEG,FAB5ULRD3,Normal
2022-04-21_03.01.33_2022-04-21_03.35.08,1650506493,1650508508,SMEG,FAB5ULRD3,Normal
2022-04-21_04.57.18_2022-04-21_05.37.24,1650513438,1650515844,SMEG,FAB5ULRD3,Normal
2022-04-21_06.48.19_2022-04-21_07.23.16,1650520099,1650522196,SMEG,FAB5ULRD3,Normal
2022-04-21_08.34.56_2022-04-21_09.11.01,1650526496,1650528661,SMEG,FAB5ULRD3,Normal
2022-04-21_10.18.33_2022-04-21_10.52.42,1650532713,1650534762,SMEG,FAB5ULRD3,Normal
2022-04-21_12.03.10_2022-04-21_12.36.23,1650538990,1650540983,SMEG,FAB5ULRD3,Normal
2022-04-21_13.39.04_2022-04-21_14.13.04,1650544744,1650546784,SMEG,FAB5ULRD3,Normal
2022-04-21_15.11.45_2022-04-21_15.46.28,1650550305,1650552388,SMEG,FAB5ULRD3,Normal
2022-04-21_16.45.18_2022-04-21_17.16.54,1650555918,1650557814,SMEG,FAB5ULRD3,Normal
2022-04-21_18.22.36_2022-04-21_18.58.03,1650561756,1650563883,SMEG,FAB5ULRD3,Normal
2022-04-21_20.04.42_2022-04-21_20.37.07,1650567882,1650569827,SMEG,FAB5ULRD3,Normal
2022-04-21_21.47.23_2022-04-21_22.22.35,1650574043,1650576155,SMEG,FAB5ULRD3,Normal
2022-04-22_01.26.07_2022-04-22_02.03.00,1650587167,1650589380,SMEG,FAB5ULRD3,Normal
2022-04-22_03.15.36_2022-04-22_03.50.43,1650593736,1650595843,SMEG,FAB5ULRD3,Normal
2022-04-22_05.04.07_2022-04-22_05.40.29,1650600247,1650602429,SMEG,FAB5ULRD3,Normal
2022-04-22_06.53.22_2022-04-22_07.30.01,1650606802,1650609001,SMEG,FAB5ULRD3,Normal
2022-04-22_08.41.25_2022-04-22_09.17.00,1650613285,1650615420,SMEG,FAB5ULRD3,Normal
2022-04-22_10.29.42_2022-04-22_11.05.16,1650619782,1650621916,SMEG,FAB5ULRD3,Normal
2022-04-22_12.16.26_2022-04-22_12.52.45,1650626186,1650628365,SMEG,FAB5ULRD3,Normal
2022-04-22_14.04.15_2022-04-22_14.41.30,1650632655,1650634890,SMEG,FAB5ULRD3,Normal
2022-04-22_15.52.13_2022-04-22_16.27.54,1650639133,1650641274,SMEG,FAB5ULRD3,Normal
2022-04-22_17.35.14_2022-04-22_18.07.55,1650645314,1650647275,SMEG,FAB5ULRD3,Normal
2022-04-22_19.13.58_2022-04-22_19.49.26,1650651238,1650653366,SMEG,FAB5ULRD3,Normal
2022-04-22_20.57.41_2022-04-22_21.31.28,1650657461,1650659488,SMEG,FAB5ULRD3,Normal
2022-04-22_22.36.02_2022-04-22_23.11.10,1650663362,1650665470,SMEG,FAB5ULRD3,Normal
2022-04-23_00.20.51_2022-04-23_00.55.57,1650669651,1650671757,SMEG,FAB5ULRD3,Normal
2022-04-23_02.06.46_2022-04-23_02.42.11,1650676006,1650678131,SMEG,FAB5ULRD3,Normal
2022-04-23_03.53.36_2022-04-23_04.30.13,1650682416,1650684613,SMEG,FAB5ULRD3,Normal
2022-04-23_05.40.25_2022-04-23_06.15.47,1650688825,1650690947,SMEG,FAB5ULRD3,Normal
2022-04-23_07.27.32_2022-04-23_08.04.15,1650695252,1650697455,SMEG,FAB5ULRD3,Normal
2022-04-23_09.14.28_2022-04-23_09.50.50,1650701668,1650703850,SMEG,FAB5ULRD3,Normal
2022-04-23_10.58.38_2022-04-23_11.33.32,1650707918,1650710012,SMEG,FAB5ULRD3,Normal
2022-04-23_12.38.14_2022-04-23_13.13.36,1650713894,1650716016,SMEG,FAB5ULRD3,Normal
2022-04-23_14.25.42_2022-04-23_15.03.21,1650720342,1650722601,SMEG,FAB5ULRD3,Normal
2022-04-23_16.09.51_2022-04-23_16.45.26,1650726591,1650728726,SMEG,FAB5ULRD3,Normal
2022-04-23_17.53.18_2022-04-23_18.30.06,1650732798,1650735006,SMEG,FAB5ULRD3,Normal
2022-04-23_19.39.03_2022-04-23_20.13.08,1650739143,1650741188,SMEG,FAB5ULRD3,Normal
2022-04-23_21.17.40_2022-04-23_21.52.28,1650745060,1650747148,SMEG,FAB5ULRD3,Normal
2022-04-23_23.01.10_2022-04-23_23.34.32,1650751270,1650753272,SMEG,FAB5ULRD3,Normal
2022-04-24_00.42.48_2022-04-24_01.18.18,1650757368,1650759498,SMEG,FAB5ULRD3,Normal
2022-04-24_02.34.56_2022-04-24_03.11.22,1650764096,1650766282,SMEG,FAB5ULRD3,Normal
2022-04-24_04.28.07_2022-04-24_05.05.19,1650770887,1650773119,SMEG,FAB5ULRD3,Normal
2022-04-24_06.33.45_2022-04-24_07.12.50,1650778425,1650780770,SMEG,FAB5ULRD3,Normal
2022-04-24_08.36.48_2022-04-24_09.15.00,1650785808,1650788100,SMEG,FAB5ULRD3,Normal
2022-04-24_10.34.46_2022-04-24_11.12.40,1650792886,1650795160,SMEG,FAB5ULRD3,Normal
2022-04-24_12.26.40_2022-04-24_13.02.58,1650799600,1650801778,SMEG,FAB5ULRD3,Normal
2022-04-24_14.14.30_2022-04-24_14.51.00,1650806070,1650808260,SMEG,FAB5ULRD3,Normal
2022-04-24_16.01.26_2022-04-24_16.38.34,1650812486,1650814714,SMEG,FAB5ULRD3,Normal
2022-04-24_17.50.21_2022-04-24_18.26.24,1650819021,1650821184,SMEG,FAB5ULRD3,Normal
2022-04-24_19.37.14_2022-04-24_20.13.21,1650825434,1650827601,SMEG,FAB5ULRD3,Normal
2022-04-24_21.25.29_2022-04-24_22.00.19,1650831929,1650834019,SMEG,FAB5ULRD3,Normal
2022-04-24_23.12.31_2022-04-24_23.47.50,1650838351,1650840470,SMEG,FAB5ULRD3,Normal
2022-04-25_01.01.21_2022-04-25_01.35.47,1650844881,1650846947,SMEG,FAB5ULRD3,Normal
2022-04-25_02.49.35_2022-04-25_03.25.49,1650851375,1650853549,SMEG,FAB5ULRD3,Normal
2022-04-25_04.50.18_2022-04-25_05.29.05,1650858618,1650860945,SMEG,FAB5ULRD3,Normal
2022-04-25_07.01.14_2022-04-25_07.40.52,1650866474,1650868852,SMEG,FAB5ULRD3,Normal
2022-04-25_09.13.20_2022-04-25_09.52.49,1650874400,1650876769,SMEG,FAB5ULRD3,Normal
2022-04-25_11.06.57_2022-04-25_11.43.02,1650881217,1650883382,SMEG,FAB5ULRD3,Normal
2022-04-25_12.51.16_2022-04-25_13.26.23,1650887476,1650889583,SMEG,FAB5ULRD3,Normal
2022-04-25_14.35.58_2022-04-25_15.12.10,1650893758,1650895930,SMEG,FAB5ULRD3,Normal
2022-04-25_16.22.03_2022-04-25_16.57.26,1650900123,1650902246,SMEG,FAB5ULRD3,Normal
2022-04-25_18.06.04_2022-04-25_18.42.27,1650906364,1650908547,SMEG,FAB5ULRD3,Normal
2022-04-25_19.51.50_2022-04-25_20.26.17,1650912710,1650914777,SMEG,FAB5ULRD3,Normal
2022-04-25_21.35.28_2022-04-25_22.09.43,1650918928,1650920983,SMEG,FAB5ULRD3,Normal
2022-04-25_23.22.57_2022-04-25_23.57.23,1650925377,1650927443,SMEG,FAB5ULRD3,Normal
2022-04-26_01.11.44_2022-04-26_01.47.40,1650931904,1650934060,SMEG,FAB5ULRD3,Normal
2022-04-26_03.05.57_2022-04-26_03.42.53,1650938757,1650940973,SMEG,FAB5ULRD3,Normal
2022-04-26_05.06.02_2022-04-26_05.44.25,1650945962,1650948265,SMEG,FAB5ULRD3,Normal
2022-04-26_07.09.50_2022-04-26_07.47.43,1650953390,1650955663,SMEG,FAB5ULRD3,Normal
2022-04-26_09.00.43_2022-04-26_09.36.52,1650960043,1650962212,SMEG,FAB5ULRD3,Normal
2022-04-26_10.40.34_2022-04-26_11.17.42,1650966034,1650968262,SMEG,FAB5ULRD3,Normal
2022-04-26_12.21.48_2022-04-26_12.54.55,1650972108,1650974095,SMEG,FAB5ULRD3,Normal
2022-04-26_13.57.57_2022-04-26_14.33.12,1650977877,1650979992,SMEG,FAB5ULRD3,Normal
2022-04-26_15.35.58_2022-04-26_16.10.07,1650983758,1650985807,SMEG,FAB5ULRD3,Normal
2022-04-26_19.04.20_2022-04-26_19.42.33,1650996260,1650998553,SMEG,FAB5ULRD3,Normal
2022-04-26_20.52.59_2022-04-26_21.28.37,1651002779,1651004917,SMEG,FAB5ULRD3,Normal
2022-04-26_22.39.07_2022-04-26_23.12.05,1651009147,1651011125,SMEG,FAB5ULRD3,Normal
2022-04-27_00.20.37_2022-04-27_00.56.15,1651015237,1651017375,SMEG,FAB5ULRD3,Normal
2022-04-27_02.07.54_2022-04-27_02.42.40,1651021674,1651023760,SMEG,FAB5ULRD3,Normal
2022-04-27_03.54.00_2022-04-27_04.29.18,1651028040,1651030158,SMEG,FAB5ULRD3,Normal
2022-04-27_05.42.00_2022-04-27_06.16.50,1651034520,1651036610,SMEG,FAB5ULRD3,Normal
2022-04-27_07.31.46_2022-04-27_08.09.38,1651041106,1651043378,SMEG,FAB5ULRD3,Normal
2022-04-27_09.09.43_2022-04-27_09.41.54,1651046983,1651048914,SMEG,FAB5ULRD3,Normal
2022-04-27_10.46.06_2022-04-27_11.20.05,1651052766,1651054805,SMEG,FAB5ULRD3,Normal
2022-04-27_12.22.45_2022-04-27_12.59.35,1651058565,1651060775,SMEG,FAB5ULRD3,Normal
2022-04-27_14.04.05_2022-04-27_14.39.54,1651064645,1651066794,SMEG,FAB5ULRD3,Normal
2022-04-27_15.44.58_2022-04-27_16.20.07,1651070698,1651072807,SMEG,FAB5ULRD3,Normal
2022-04-27_17.22.43_2022-04-27_17.57.04,1651076563,1651078624,SMEG,FAB5ULRD3,Normal
2022-04-27_19.00.37_2022-04-27_19.35.56,1651082437,1651084556,SMEG,FAB5ULRD3,Normal
2022-04-27_20.40.43_2022-04-27_21.14.51,1651088443,1651090491,SMEG,FAB5ULRD3,Normal
2022-04-27_22.14.38_2022-04-27_22.46.57,1651094078,1651096017,SMEG,FAB5ULRD3,Normal
2022-04-28_01.34.10_2022-04-28_02.06.02,1651106050,1651107962,SMEG,FAB5ULRD3,Normal
2022-04-28_03.13.30_2022-04-28_03.48.16,1651112010,1651114096,SMEG,FAB5ULRD3,Normal
2022-04-28_04.56.43_2022-04-28_05.31.03,1651118203,1651120263,SMEG,FAB5ULRD3,Normal
2022-04-28_06.41.51_2022-04-28_07.17.16,1651124511,1651126636,SMEG,FAB5ULRD3,Normal
2022-04-28_08.12.16_2022-04-28_08.45.59,1651129936,1651131959,SMEG,FAB5ULRD3,Normal
2022-04-28_09.37.56_2022-04-28_10.08.35,1651135076,1651136915,SMEG,FAB5ULRD3,Normal
2022-04-28_10.52.24_2022-04-28_11.23.22,1651139544,1651141402,SMEG,FAB5ULRD3,Normal
2022-04-28_12.16.50_2022-04-28_12.49.22,1651144610,1651146562,SMEG,FAB5ULRD3,Normal
2022-04-28_13.43.42_2022-04-28_14.15.18,1651149822,1651151718,SMEG,FAB5ULRD3,Normal
2022-04-28_15.12.31_2022-04-28_15.45.46,1651155151,1651157146,SMEG,FAB5ULRD3,Normal
2022-04-28_16.40.41_2022-04-28_17.13.46,1651160441,1651162426,SMEG,FAB5ULRD3,Normal
2022-04-28_18.10.33_2022-04-28_18.44.46,1651165833,1651167886,SMEG,FAB5ULRD3,Normal
2022-04-28_19.40.13_2022-04-28_20.11.20,1651171213,1651173080,SMEG,FAB5ULRD3,Normal
2022-04-28_21.09.12_2022-04-28_21.43.17,1651176552,1651178597,SMEG,FAB5ULRD3,Normal
2022-04-28_22.40.17_2022-04-28_23.10.59,1651182017,1651183859,SMEG,FAB5ULRD3,Normal
2022-04-29_00.08.21_2022-04-29_00.40.39,1651187301,1651189239,SMEG,FAB5ULRD3,Normal
2022-04-29_01.40.04_2022-04-29_02.11.30,1651192804,1651194690,SMEG,FAB5ULRD3,Normal
2022-04-29_03.10.34_2022-04-29_03.43.15,1651198234,1651200195,SMEG,FAB5ULRD3,Normal
2022-04-29_04.44.31_2022-04-29_05.16.02,1651203871,1651205762,SMEG,FAB5ULRD3,Normal
2022-04-29_06.17.42_2022-04-29_06.49.59,1651209462,1651211399,SMEG,FAB5ULRD3,Normal
2022-04-29_07.55.45_2022-04-29_08.30.05,1651215345,1651217405,SMEG,FAB5ULRD3,Normal
2022-04-29_09.29.43_2022-04-29_10.02.27,1651220983,1651222947,SMEG,FAB5ULRD3,Normal
2022-04-29_10.56.56_2022-04-29_11.27.44,1651226216,1651228064,SMEG,FAB5ULRD3,Normal
2022-04-29_12.17.54_2022-04-29_12.48.08,1651231074,1651232888,SMEG,FAB5ULRD3,Normal
2022-04-29_13.34.32_2022-04-29_14.05.58,1651235672,1651237558,SMEG,FAB5ULRD3,Normal
2022-04-29_14.55.53_2022-04-29_15.27.31,1651240553,1651242451,SMEG,FAB5ULRD3,Normal
2022-04-29_16.18.36_2022-04-29_16.49.25,1651245516,1651247365,SMEG,FAB5ULRD3,Normal
2022-04-29_17.37.59_2022-04-29_18.09.02,1651250279,1651252142,SMEG,FAB5ULRD3,Normal
2022-04-29_18.57.54_2022-04-29_19.28.31,1651255074,1651256911,SMEG,FAB5ULRD3,Normal
2022-04-29_20.18.24_2022-04-29_20.54.07,1651259904,1651262047,SMEG,FAB5ULRD3,Normal
2022-04-29_21.47.31_2022-04-29_22.20.30,1651265251,1651267230,SMEG,FAB5ULRD3,Normal
2022-04-29_23.13.24_2022-04-29_23.43.23,1651270404,1651272203,SMEG,FAB5ULRD3,Normal
2022-06-06_11.44.58_2022-06-06_12.33.11,1654512298,1654515191,SMEG,FAB5ULRD3,Normal
2022-06-06_12.53.40_2022-06-06_13.50.07,1654516420,1654519807,SMEG,FAB5ULRD3,Normal
2022-06-06_14.10.53_2022-06-06_14.50.26,1654521053,1654523426,SMEG,FAB5ULRD3,Normal
2022-06-06_15.15.34_2022-06-06_15.44.57,1654524934,1654526697,SMEG,FAB5ULRD3,Normal
2022-06-06_16.12.42_2022-06-06_18.23.44,1654528362,1654536224,SMEG,FAB5ULRD3,Malfunction
2022-06-06_19.03.06_2022-06-06_20.02.00,1654538586,1654542120,SMEG,FAB5ULRD3,Normal
2022-06-06_20.43.13_2022-06-06_21.20.46,1654544593,1654546846,SMEG,FAB5ULRD3,Normal
2022-06-06_22.02.47_2022-06-06_22.35.28,1654549367,1654551328,SMEG,FAB5ULRD3,Normal
2022-06-06_23.18.26_2022-06-06_23.46.45,1654553906,1654555605,SMEG,FAB5ULRD3,Normal
2022-06-07_00.28.45_2022-06-07_00.57.17,1654558125,1654559837,SMEG,FAB5ULRD3,Normal
2022-06-07_01.39.40_2022-06-07_02.07.23,1654562380,1654564043,SMEG,FAB5ULRD3,Normal
2022-06-07_02.49.26_2022-06-07_03.17.17,1654566566,1654568237,SMEG,FAB5ULRD3,Normal
2022-06-07_04.00.10_2022-06-07_04.28.14,1654570810,1654572494,SMEG,FAB5ULRD3,Normal
2022-06-07_05.11.35_2022-06-07_05.38.54,1654575095,1654576734,SMEG,FAB5ULRD3,Normal
2022-06-07_06.21.50_2022-06-07_06.50.17,1654579310,1654581017,SMEG,FAB5ULRD3,Normal
2022-06-07_07.33.42_2022-06-07_08.06.31,1654583622,1654585591,SMEG,FAB5ULRD3,Normal
2022-06-07_08.42.53_2022-06-07_09.15.37,1654587773,1654589737,SMEG,FAB5ULRD3,Normal
2022-06-07_09.52.38_2022-06-07_10.38.38,1654591958,1654594718,SMEG,FAB5ULRD3,Malfunction
2022-06-07_11.06.13_2022-06-07_11.36.41,1654596373,1654598201,SMEG,FAB5ULRD3,Normal
2022-06-07_12.03.59_2022-06-07_12.33.02,1654599839,1654601582,SMEG,FAB5ULRD3,Normal
2022-06-07_13.01.19_2022-06-07_13.34.56,1654603279,1654605296,SMEG,FAB5ULRD3,Normal
2022-06-07_14.09.17_2022-06-07_14.42.26,1654607357,1654609346,SMEG,FAB5ULRD3,Normal
2022-06-07_15.19.01_2022-06-07_15.51.24,1654611541,1654613484,SMEG,FAB5ULRD3,Normal
2022-06-07_16.27.27_2022-06-07_17.10.09,1654615647,1654618209,SMEG,FAB5ULRD3,Normal
2022-06-07_17.48.19_2022-06-07_18.20.57,1654620499,1654622457,SMEG,FAB5ULRD3,Normal
2022-06-07_18.51.12_2022-06-07_19.19.56,1654624272,1654625996,SMEG,FAB5ULRD3,Normal
2022-06-07_19.59.43_2022-06-07_20.33.45,1654628383,1654630425,SMEG,FAB5ULRD3,Normal
2022-06-07_21.15.41_2022-06-07_21.51.23,1654632941,1654635083,SMEG,FAB5ULRD3,Normal
2022-06-07_22.35.14_2022-06-07_23.06.44,1654637714,1654639604,SMEG,FAB5ULRD3,Normal
2022-06-08_01.08.09_2022-06-08_01.36.14,1654646889,1654648574,SMEG,FAB5ULRD3,Normal
2022-06-08_02.18.41_2022-06-08_02.47.43,1654651121,1654652863,SMEG,FAB5ULRD3,Normal
2022-06-08_03.30.21_2022-06-08_04.00.09,1654655421,1654657209,SMEG,FAB5ULRD3,Normal
2022-06-08_04.44.07_2022-06-08_05.14.32,1654659847,1654661672,SMEG,FAB5ULRD3,Normal
2022-06-08_05.58.24_2022-06-08_06.31.30,1654664304,1654666290,SMEG,FAB5ULRD3,Normal
2022-06-08_07.16.56_2022-06-08_07.50.04,1654669016,1654671004,SMEG,FAB5ULRD3,Normal
2022-06-08_08.36.26_2022-06-08_09.09.24,1654673786,1654675764,SMEG,FAB5ULRD3,Normal
2022-06-08_09.54.33_2022-06-08_10.27.02,1654678473,1654680422,SMEG,FAB5ULRD3,Normal
2022-06-08_12.30.41_2022-06-08_13.01.45,1654687841,1654689705,SMEG,FAB5ULRD3,Normal
2022-06-08_13.46.31_2022-06-08_14.30.35,1654692391,1654695035,SMEG,FAB5ULRD3,Normal
2022-06-08_15.07.30_2022-06-08_15.45.56,1654697250,1654699556,SMEG,FAB5ULRD3,Normal
2022-06-08_16.26.55_2022-06-08_17.03.32,1654702015,1654704212,SMEG,FAB5ULRD3,Normal
2022-06-08_17.46.36_2022-06-08_18.18.24,1654706796,1654708704,SMEG,FAB5ULRD3,Normal
2022-06-08_18.52.59_2022-06-08_19.23.50,1654710779,1654712630,SMEG,FAB5ULRD3,Normal
2022-06-08_20.08.09_2022-06-08_20.41.40,1654715289,1654717300,SMEG,FAB5ULRD3,Normal
2022-06-08_21.27.02_2022-06-08_21.56.04,1654720022,1654721764,SMEG,FAB5ULRD3,Normal
2022-06-08_22.39.48_2022-06-08_23.11.35,1654724388,1654726295,SMEG,FAB5ULRD3,Normal
2022-06-09_01.11.38_2022-06-09_01.43.20,1654733498,1654735400,SMEG,FAB5ULRD3,Normal
2022-06-09_02.27.19_2022-06-09_02.55.52,1654738039,1654739752,SMEG,FAB5ULRD3,Normal
2022-06-09_03.39.12_2022-06-09_04.07.56,1654742352,1654744076,SMEG,FAB5ULRD3,Normal
2022-06-09_04.50.56_2022-06-09_05.20.53,1654746656,1654748453,SMEG,FAB5ULRD3,Normal
2022-06-09_06.04.12_2022-06-09_06.34.58,1654751052,1654752898,SMEG,FAB5ULRD3,Normal
2022-06-09_07.19.11_2022-06-09_07.52.00,1654755551,1654757520,SMEG,FAB5ULRD3,Normal
2022-06-09_09.51.15_2022-06-09_10.19.47,1654764675,1654766387,SMEG,FAB5ULRD3,Normal
2022-06-09_10.57.35_2022-06-09_11.30.19,1654768655,1654770619,SMEG,FAB5ULRD3,Normal
2022-06-09_12.14.02_2022-06-09_12.46.34,1654773242,1654775194,SMEG,FAB5ULRD3,Normal
2022-06-09_13.21.55_2022-06-09_14.35.04,1654777315,1654781704,SMEG,FAB5ULRD3,Malfunction
2022-06-09_14.56.12_2022-06-09_15.35.14,1654782972,1654785314,SMEG,FAB5ULRD3,Normal
2022-06-09_15.57.24_2022-06-09_17.00.53,1654786644,1654790453,SMEG,FAB5ULRD3,Malfunction
2022-06-09_17.24.58_2022-06-09_17.51.09,1654791898,1654793469,SMEG,FAB5ULRD3,Normal
2022-06-09_18.22.40_2022-06-09_18.52.05,1654795360,1654797125,SMEG,FAB5ULRD3,Normal
2022-06-09_19.29.35_2022-06-09_20.02.45,1654799375,1654801365,SMEG,FAB5ULRD3,Normal
2022-06-09_20.42.34_2022-06-09_21.15.04,1654803754,1654805704,SMEG,FAB5ULRD3,Normal
2022-06-09_21.56.02_2022-06-09_22.26.03,1654808162,1654809963,SMEG,FAB5ULRD3,Normal
2022-06-09_23.06.47_2022-06-09_23.37.20,1654812407,1654814240,SMEG,FAB5ULRD3,Normal
2022-06-10_00.18.43_2022-06-10_00.48.37,1654816723,1654818517,SMEG,FAB5ULRD3,Normal
2022-06-10_01.29.27_2022-06-10_02.01.14,1654820967,1654822874,SMEG,FAB5ULRD3,Normal
2022-06-10_02.43.10_2022-06-10_03.13.51,1654825390,1654827231,SMEG,FAB5ULRD3,Normal
2022-06-10_03.55.56_2022-06-10_04.26.16,1654829756,1654831576,SMEG,FAB5ULRD3,Normal
2022-06-10_05.09.13_2022-06-10_05.37.59,1654834153,1654835879,SMEG,FAB5ULRD3,Normal
2022-06-10_06.19.22_2022-06-10_06.47.54,1654838362,1654840074,SMEG,FAB5ULRD3,Normal
2022-06-10_07.29.20_2022-06-10_07.58.07,1654842560,1654844287,SMEG,FAB5ULRD3,Normal
2022-06-10_08.37.43_2022-06-10_09.07.48,1654846663,1654848468,SMEG,FAB5ULRD3,Normal
2022-06-10_09.47.12_2022-06-10_10.14.04,1654850832,1654852444,SMEG,FAB5ULRD3,Normal
2022-06-10_10.51.56_2022-06-10_11.21.13,1654854716,1654856473,SMEG,FAB5ULRD3,Normal
2022-06-10_12.00.15_2022-06-10_12.31.19,1654858815,1654860679,SMEG,FAB5ULRD3,Normal
2022-06-10_13.10.30_2022-06-10_13.41.45,1654863030,1654864905,SMEG,FAB5ULRD3,Normal
2022-06-10_14.21.13_2022-06-10_14.53.43,1654867273,1654869223,SMEG,FAB5ULRD3,Normal
2022-06-10_15.33.11_2022-06-10_16.05.18,1654871591,1654873518,SMEG,FAB5ULRD3,Normal
2022-06-10_16.44.34_2022-06-10_17.11.25,1654875874,1654877485,SMEG,FAB5ULRD3,Normal
2022-06-10_17.48.59_2022-06-10_18.16.28,1654879739,1654881388,SMEG,FAB5ULRD3,Normal
2022-06-10_18.53.43_2022-06-10_19.22.16,1654883623,1654885336,SMEG,FAB5ULRD3,Normal
2022-06-10_19.59.31_2022-06-10_20.32.40,1654887571,1654889560,SMEG,FAB5ULRD3,Normal
2022-06-10_21.11.49_2022-06-10_21.40.42,1654891909,1654893642,SMEG,FAB5ULRD3,Normal
2022-06-10_22.18.19_2022-06-10_22.46.42,1654895899,1654897602,SMEG,FAB5ULRD3,Normal
2022-06-10_23.24.05_2022-06-10_23.52.15,1654899845,1654901535,SMEG,FAB5ULRD3,Normal
2022-06-11_00.29.26_2022-06-11_00.57.07,1654903766,1654905427,SMEG,FAB5ULRD3,Normal
2022-06-11_01.34.37_2022-06-11_02.01.01,1654907677,1654909261,SMEG,FAB5ULRD3,Normal
2022-06-11_02.38.04_2022-06-11_03.04.27,1654911484,1654913067,SMEG,FAB5ULRD3,Normal
2022-06-11_03.41.38_2022-06-11_04.08.34,1654915298,1654916914,SMEG,FAB5ULRD3,Normal
2022-06-11_04.45.57_2022-06-11_05.12.44,1654919157,1654920764,SMEG,FAB5ULRD3,Normal
2022-06-11_05.50.13_2022-06-11_06.17.06,1654923013,1654924626,SMEG,FAB5ULRD3,Normal
2022-06-11_06.54.38_2022-06-11_07.22.09,1654926878,1654928529,SMEG,FAB5ULRD3,Normal
2022-06-11_07.59.54_2022-06-11_08.27.08,1654930794,1654932428,SMEG,FAB5ULRD3,Normal
2022-06-11_09.04.56_2022-06-11_09.35.05,1654934696,1654936505,SMEG,FAB5ULRD3,Normal
2022-06-11_10.12.48_2022-06-11_10.38.31,1654938768,1654940311,SMEG,FAB5ULRD3,Normal
2022-06-11_11.14.02_2022-06-11_11.40.41,1654942442,1654944041,SMEG,FAB5ULRD3,Normal
2022-06-11_12.15.42_2022-06-11_12.42.35,1654946142,1654947755,SMEG,FAB5ULRD3,Normal
2022-06-11_13.17.40_2022-06-11_13.44.24,1654949860,1654951464,SMEG,FAB5ULRD3,Normal
2022-06-11_14.19.44_2022-06-11_14.47.05,1654953584,1654955225,SMEG,FAB5ULRD3,Normal
2022-06-11_15.22.28_2022-06-11_15.49.31,1654957348,1654958971,SMEG,FAB5ULRD3,Normal
2022-06-11_16.24.22_2022-06-11_16.51.02,1654961062,1654962662,SMEG,FAB5ULRD3,Normal
2022-06-11_17.25.39_2022-06-11_17.52.28,1654964739,1654966348,SMEG,FAB5ULRD3,Normal
2022-06-11_18.26.46_2022-06-11_18.52.58,1654968406,1654969978,SMEG,FAB5ULRD3,Normal
2022-06-11_19.27.03_2022-06-11_19.53.21,1654972023,1654973601,SMEG,FAB5ULRD3,Normal
2022-06-11_20.27.10_2022-06-11_20.53.00,1654975630,1654977180,SMEG,FAB5ULRD3,Normal
2022-06-11_21.27.27_2022-06-11_21.53.23,1654979247,1654980803,SMEG,FAB5ULRD3,Normal
2022-06-11_22.27.10_2022-06-11_22.52.31,1654982830,1654984351,SMEG,FAB5ULRD3,Normal
2022-06-11_23.26.12_2022-06-11_23.52.09,1654986372,1654987929,SMEG,FAB5ULRD3,Normal
2022-06-12_00.26.02_2022-06-12_00.52.06,1654989962,1654991526,SMEG,FAB5ULRD3,Normal
2022-06-12_01.26.11_2022-06-12_01.51.22,1654993571,1654995082,SMEG,FAB5ULRD3,Normal
2022-06-12_02.24.48_2022-06-12_02.49.22,1654997088,1654998562,SMEG,FAB5ULRD3,Normal
2022-06-12_03.23.05_2022-06-12_03.48.23,1655000585,1655002103,SMEG,FAB5ULRD3,Normal
2022-06-12_04.22.11_2022-06-12_04.46.34,1655004131,1655005594,SMEG,FAB5ULRD3,Normal
2022-06-12_05.20.35_2022-06-12_05.46.22,1655007635,1655009182,SMEG,FAB5ULRD3,Normal
2022-06-12_06.20.35_2022-06-12_06.45.35,1655011235,1655012735,SMEG,FAB5ULRD3,Normal
2022-06-12_07.20.00_2022-06-12_07.44.56,1655014800,1655016296,SMEG,FAB5ULRD3,Normal
2022-06-12_08.19.09_2022-06-12_08.45.48,1655018349,1655019948,SMEG,FAB5ULRD3,Normal
2022-06-12_09.20.33_2022-06-12_09.45.40,1655022033,1655023540,SMEG,FAB5ULRD3,Normal
2022-06-12_10.18.40_2022-06-12_10.43.23,1655025520,1655027003,SMEG,FAB5ULRD3,Normal
2022-06-12_11.16.10_2022-06-12_11.42.30,1655028970,1655030550,SMEG,FAB5ULRD3,Normal
2022-06-12_12.16.14_2022-06-12_12.42.37,1655032574,1655034157,SMEG,FAB5ULRD3,Normal
2022-06-12_13.15.24_2022-06-12_13.40.54,1655036124,1655037654,SMEG,FAB5ULRD3,Normal
2022-06-12_14.13.58_2022-06-12_14.40.27,1655039638,1655041227,SMEG,FAB5ULRD3,Normal
2022-06-12_15.13.24_2022-06-12_15.39.25,1655043204,1655044765,SMEG,FAB5ULRD3,Normal
2022-06-12_16.12.38_2022-06-12_16.37.55,1655046758,1655048275,SMEG,FAB5ULRD3,Normal
2022-06-12_17.10.09_2022-06-12_17.36.27,1655050209,1655051787,SMEG,FAB5ULRD3,Normal
2022-06-12_18.08.55_2022-06-12_18.34.12,1655053735,1655055252,SMEG,FAB5ULRD3,Normal
2022-06-12_19.06.32_2022-06-12_19.31.42,1655057192,1655058702,SMEG,FAB5ULRD3,Normal
2022-06-12_20.03.44_2022-06-12_20.28.12,1655060624,1655062092,SMEG,FAB5ULRD3,Normal
2022-06-12_20.59.45_2022-06-12_21.24.40,1655063985,1655065480,SMEG,FAB5ULRD3,Normal
2022-06-12_21.56.15_2022-06-12_22.21.19,1655067375,1655068879,SMEG,FAB5ULRD3,Normal
2022-06-12_22.53.05_2022-06-12_23.17.07,1655070785,1655072227,SMEG,FAB5ULRD3,Normal
2022-06-13_00.44.53_2022-06-13_01.10.47,1655077493,1655079047,SMEG,FAB5ULRD3,Normal
2022-06-13_01.43.40_2022-06-13_02.07.55,1655081020,1655082475,SMEG,FAB5ULRD3,Normal
2022-06-13_02.39.52_2022-06-13_03.05.08,1655084392,1655085908,SMEG,FAB5ULRD3,Normal
2022-06-13_03.37.50_2022-06-13_04.02.22,1655087870,1655089342,SMEG,FAB5ULRD3,Normal
2022-06-13_04.35.13_2022-06-13_04.59.44,1655091313,1655092784,SMEG,FAB5ULRD3,Normal
2022-06-13_06.30.56_2022-06-13_06.56.17,1655098256,1655099777,SMEG,FAB5ULRD3,Normal
2022-06-13_07.29.21_2022-06-13_07.57.40,1655101761,1655103460,SMEG,FAB5ULRD3,Normal
2022-06-13_08.31.30_2022-06-13_09.01.17,1655105490,1655107277,SMEG,FAB5ULRD3,Normal
2022-06-13_09.29.15_2022-06-13_09.54.53,1655108955,1655110493,SMEG,FAB5ULRD3,Normal
2022-06-13_10.16.22_2022-06-13_10.41.42,1655111782,1655113302,SMEG,FAB5ULRD3,Normal
2022-06-13_11.09.51_2022-06-13_11.35.29,1655114991,1655116529,SMEG,FAB5ULRD3,Normal
2022-06-13_11.58.37_2022-06-13_12.33.56,1655117917,1655120036,SMEG,FAB5ULRD3,Normal
2022-06-13_12.57.02_2022-06-13_13.25.44,1655121422,1655123144,SMEG,FAB5ULRD3,Normal
2022-06-13_13.53.03_2022-06-13_14.27.19,1655124783,1655126839,SMEG,FAB5ULRD3,Normal
2022-06-13_14.51.23_2022-06-13_15.55.48,1655128283,1655132148,SMEG,FAB5ULRD3,Malfunction
2022-06-13_16.34.26_2022-06-13_17.22.05,1655134466,1655137325,SMEG,FAB5ULRD3,Normal
2022-06-13_18.01.48_2022-06-13_18.47.34,1655139708,1655142454,SMEG,FAB5ULRD3,Normal
2022-06-13_19.28.15_2022-06-13_20.14.51,1655144895,1655147691,SMEG,FAB5ULRD3,Normal
2022-06-13_20.57.18_2022-06-13_21.43.25,1655150238,1655153005,SMEG,FAB5ULRD3,Normal
2022-06-13_22.26.03_2022-06-13_23.10.49,1655155563,1655158249,SMEG,FAB5ULRD3,Normal
2022-06-14_01.20.50_2022-06-14_02.03.23,1655166050,1655168603,SMEG,FAB5ULRD3,Normal
2022-06-14_02.46.15_2022-06-14_03.30.00,1655171175,1655173800,SMEG,FAB5ULRD3,Normal
2022-06-14_04.13.09_2022-06-14_04.56.27,1655176389,1655178987,SMEG,FAB5ULRD3,Normal
2022-06-14_05.39.48_2022-06-14_06.23.22,1655181588,1655184202,SMEG,FAB5ULRD3,Normal
2022-06-14_07.07.58_2022-06-14_07.51.13,1655186878,1655189473,SMEG,FAB5ULRD3,Normal
2022-06-14_08.35.09_2022-06-14_09.18.54,1655192109,1655194734,SMEG,FAB5ULRD3,Normal
2022-06-14_10.03.43_2022-06-14_11.03.49,1655197423,1655201029,SMEG,FAB5ULRD3,Normal
2022-06-14_11.51.54_2022-06-14_12.38.35,1655203914,1655206715,SMEG,FAB5ULRD3,Normal
2022-06-14_13.18.34_2022-06-14_14.03.27,1655209114,1655211807,SMEG,FAB5ULRD3,Normal
2022-06-14_14.46.48_2022-06-14_15.35.20,1655214408,1655217320,SMEG,FAB5ULRD3,Normal
2022-06-14_16.20.34_2022-06-14_18.46.20,1655220034,1655228780,SMEG,FAB5ULRD3,Malfunction
2022-06-14_19.14.20_2022-06-14_21.13.55,1655230460,1655237635,SMEG,FAB5ULRD3,Malfunction
2022-06-14_21.41.10_2022-06-14_23.12.38,1655239270,1655244758,SMEG,FAB5ULRD3,Normal
2022-06-15_01.28.34_2022-06-15_02.38.16,1655252914,1655257096,SMEG,FAB5ULRD3,Normal
2022-06-15_03.15.17_2022-06-15_04.15.38,1655259317,1655262938,SMEG,FAB5ULRD3,Normal
2022-06-15_04.55.49_2022-06-15_05.53.31,1655265349,1655268811,SMEG,FAB5ULRD3,Normal
2022-06-15_06.37.35_2022-06-15_07.39.07,1655271455,1655275147,SMEG,FAB5ULRD3,Normal
2022-06-15_08.20.43_2022-06-15_09.11.20,1655277643,1655280680,SMEG,FAB5ULRD3,Normal
2022-06-15_09.51.20_2022-06-15_10.46.10,1655283080,1655286370,SMEG,FAB5ULRD3,Malfunction
2022-06-15_11.31.49_2022-06-15_12.44.42,1655289109,1655293482,SMEG,FAB5ULRD3,Malfunction
2022-06-15_13.15.21_2022-06-15_14.07.34,1655295321,1655298454,SMEG,FAB5ULRD3,Malfunction
2022-06-15_14.51.45_2022-06-15_15.44.55,1655301105,1655304295,SMEG,FAB5ULRD3,Normal
2022-06-15_16.25.13_2022-06-15_17.17.24,1655306713,1655309844,SMEG,FAB5ULRD3,Normal
2022-06-15_17.45.06_2022-06-15_18.28.35,1655311506,1655314115,SMEG,FAB5ULRD3,Normal
2022-06-15_19.07.11_2022-06-15_19.53.38,1655316431,1655319218,SMEG,FAB5ULRD3,Normal
2022-06-15_20.42.16_2022-06-15_21.30.28,1655322136,1655325028,SMEG,FAB5ULRD3,Normal
2022-06-15_22.21.36_2022-06-15_23.11.04,1655328096,1655331064,SMEG,FAB5ULRD3,Normal
2022-06-16_00.03.35_2022-06-16_00.51.21,1655334215,1655337081,SMEG,FAB5ULRD3,Normal
2022-06-16_01.43.39_2022-06-16_02.28.32,1655340219,1655342912,SMEG,FAB5ULRD3,Normal
2022-06-16_03.20.31_2022-06-16_04.09.32,1655346031,1655348972,SMEG,FAB5ULRD3,Normal
2022-06-16_05.03.09_2022-06-16_05.50.44,1655352189,1655355044,SMEG,FAB5ULRD3,Normal
2022-06-16_06.43.54_2022-06-16_07.27.36,1655358234,1655360856,SMEG,FAB5ULRD3,Normal
2022-06-16_08.18.52_2022-06-16_09.03.30,1655363932,1655366610,SMEG,FAB5ULRD3,Normal
2022-06-16_09.54.59_2022-06-16_10.37.59,1655369699,1655372279,SMEG,FAB5ULRD3,Normal
2022-06-16_11.27.47_2022-06-16_12.10.34,1655375267,1655377834,SMEG,FAB5ULRD3,Normal
2022-06-16_13.00.59_2022-06-16_13.44.54,1655380859,1655383494,SMEG,FAB5ULRD3,Normal
2022-06-16_14.35.26_2022-06-16_15.24.19,1655386526,1655389459,SMEG,FAB5ULRD3,Normal
2022-06-16_16.15.39_2022-06-16_17.01.32,1655392539,1655395292,SMEG,FAB5ULRD3,Normal
2022-06-16_17.53.00_2022-06-16_18.38.01,1655398380,1655401081,SMEG,FAB5ULRD3,Normal
2022-06-16_19.28.42_2022-06-16_20.16.41,1655404122,1655407001,SMEG,FAB5ULRD3,Normal
2022-06-16_21.07.32_2022-06-16_21.52.12,1655410052,1655412732,SMEG,FAB5ULRD3,Normal
2022-06-16_22.43.16_2022-06-16_23.29.17,1655415796,1655418557,SMEG,FAB5ULRD3,Normal
2022-06-17_00.21.00_2022-06-17_01.08.01,1655421660,1655424481,SMEG,FAB5ULRD3,Normal
2022-06-17_02.00.55_2022-06-17_02.48.34,1655427655,1655430514,SMEG,FAB5ULRD3,Normal
2022-06-17_03.42.01_2022-06-17_04.25.03,1655433721,1655436303,SMEG,FAB5ULRD3,Normal
2022-06-17_05.17.58_2022-06-17_05.59.40,1655439478,1655441980,SMEG,FAB5ULRD3,Normal
2022-06-17_06.51.49_2022-06-17_07.37.17,1655445109,1655447837,SMEG,FAB5ULRD3,Normal
2022-06-17_08.25.14_2022-06-17_09.15.44,1655450714,1655453744,SMEG,FAB5ULRD3,Normal
2022-06-17_10.00.06_2022-06-17_10.50.56,1655456406,1655459456,SMEG,FAB5ULRD3,Normal
2022-06-17_11.30.13_2022-06-17_12.13.18,1655461813,1655464398,SMEG,FAB5ULRD3,Normal
2022-06-17_12.59.58_2022-06-17_13.48.59,1655467198,1655470139,SMEG,FAB5ULRD3,Normal
2022-06-17_14.39.05_2022-06-17_15.27.15,1655473145,1655476035,SMEG,FAB5ULRD3,Normal
2022-06-17_16.13.40_2022-06-17_16.58.46,1655478820,1655481526,SMEG,FAB5ULRD3,Normal
2022-06-17_17.51.02_2022-06-17_18.38.17,1655484662,1655487497,SMEG,FAB5ULRD3,Normal
2022-06-17_19.05.09_2022-06-17_19.48.05,1655489109,1655491685,SMEG,FAB5ULRD3,Normal
2022-06-17_20.36.43_2022-06-17_21.21.39,1655494603,1655497299,SMEG,FAB5ULRD3,Normal
2022-06-17_22.12.02_2022-06-17_22.54.32,1655500322,1655502872,SMEG,FAB5ULRD3,Normal
2022-06-18_01.20.08_2022-06-18_02.03.15,1655511608,1655514195,SMEG,FAB5ULRD3,Normal
2022-06-18_02.53.11_2022-06-18_03.30.49,1655517191,1655519449,SMEG,FAB5ULRD3,Normal
2022-06-18_04.19.37_2022-06-18_05.02.00,1655522377,1655524920,SMEG,FAB5ULRD3,Normal
2022-06-18_05.51.23_2022-06-18_06.38.15,1655527883,1655530695,SMEG,FAB5ULRD3,Normal
2022-06-18_07.29.39_2022-06-18_08.12.26,1655533779,1655536346,SMEG,FAB5ULRD3,Normal
2022-06-18_09.02.44_2022-06-18_09.48.34,1655539364,1655542114,SMEG,FAB5ULRD3,Normal
2022-06-18_10.38.50_2022-06-18_11.25.04,1655545130,1655547904,SMEG,FAB5ULRD3,Normal
2022-06-18_12.15.25_2022-06-18_12.55.14,1655550925,1655553314,SMEG,FAB5ULRD3,Normal
2022-06-18_13.44.20_2022-06-18_14.27.09,1655556260,1655558829,SMEG,FAB5ULRD3,Normal
2022-06-18_15.15.52_2022-06-18_16.00.10,1655561752,1655564410,SMEG,FAB5ULRD3,Normal
2022-06-18_16.49.15_2022-06-18_17.29.10,1655567355,1655569750,SMEG,FAB5ULRD3,Normal
2022-06-18_18.16.08_2022-06-18_19.00.51,1655572568,1655575251,SMEG,FAB5ULRD3,Normal
2022-06-18_19.49.42_2022-06-18_20.26.23,1655578182,1655580383,SMEG,FAB5ULRD3,Normal
2022-06-18_21.13.36_2022-06-18_21.54.11,1655583216,1655585651,SMEG,FAB5ULRD3,Normal
2022-06-18_22.41.49_2022-06-18_23.19.17,1655588509,1655590757,SMEG,FAB5ULRD3,Normal
2022-06-19_00.06.34_2022-06-19_00.50.31,1655593594,1655596231,SMEG,FAB5ULRD3,Normal
2022-06-19_01.41.07_2022-06-19_02.28.44,1655599267,1655602124,SMEG,FAB5ULRD3,Normal
2022-06-19_03.23.01_2022-06-19_04.11.39,1655605381,1655608299,SMEG,FAB5ULRD3,Normal
2022-06-19_05.08.34_2022-06-19_05.54.51,1655611714,1655614491,SMEG,FAB5ULRD3,Normal
2022-06-19_06.52.33_2022-06-19_07.41.22,1655617953,1655620882,SMEG,FAB5ULRD3,Normal
2022-06-19_08.38.50_2022-06-19_09.21.41,1655624330,1655626901,SMEG,FAB5ULRD3,Normal
2022-06-19_10.14.38_2022-06-19_11.01.52,1655630078,1655632912,SMEG,FAB5ULRD3,Normal
2022-06-19_11.54.30_2022-06-19_12.35.39,1655636070,1655638539,SMEG,FAB5ULRD3,Normal
2022-06-19_13.26.20_2022-06-19_14.13.07,1655641580,1655644387,SMEG,FAB5ULRD3,Normal
2022-06-19_15.04.21_2022-06-19_15.47.52,1655647461,1655650072,SMEG,FAB5ULRD3,Normal
2022-06-19_16.38.41_2022-06-19_17.19.55,1655653121,1655655595,SMEG,FAB5ULRD3,Normal
2022-06-19_18.10.03_2022-06-19_18.53.33,1655658603,1655661213,SMEG,FAB5ULRD3,Normal
2022-06-19_19.43.41_2022-06-19_20.25.58,1655664221,1655666758,SMEG,FAB5ULRD3,Normal
2022-06-19_21.16.16_2022-06-19_22.02.27,1655669776,1655672547,SMEG,FAB5ULRD3,Normal
2022-06-19_22.55.22_2022-06-19_23.37.32,1655675722,1655678252,SMEG,FAB5ULRD3,Normal
2022-06-20_00.29.38_2022-06-20_01.12.09,1655681378,1655683929,SMEG,FAB5ULRD3,Normal
2022-06-20_02.04.40_2022-06-20_02.47.03,1655687080,1655689623,SMEG,FAB5ULRD3,Normal
2022-06-20_03.40.00_2022-06-20_04.31.03,1655692800,1655695863,SMEG,FAB5ULRD3,Normal
2022-06-20_05.28.50_2022-06-20_06.12.09,1655699330,1655701929,SMEG,FAB5ULRD3,Normal
2022-06-20_07.07.38_2022-06-20_07.48.46,1655705258,1655707726,SMEG,FAB5ULRD3,Normal
2022-06-20_08.42.36_2022-06-20_09.23.22,1655710956,1655713402,SMEG,FAB5ULRD3,Normal
2022-06-20_10.16.49_2022-06-20_11.06.57,1655716609,1655719617,SMEG,FAB5ULRD3,Normal
2022-06-20_11.45.15_2022-06-20_12.29.37,1655721915,1655724577,SMEG,FAB5ULRD3,Normal
2022-06-20_13.19.18_2022-06-20_14.02.14,1655727558,1655730134,SMEG,FAB5ULRD3,Normal
2022-06-20_14.52.55_2022-06-20_15.39.56,1655733175,1655735996,SMEG,FAB5ULRD3,Normal
2022-06-20_16.29.08_2022-06-20_17.22.52,1655738948,1655742172,SMEG,FAB5ULRD3,Normal
2022-06-20_18.17.03_2022-06-20_19.10.36,1655745423,1655748636,SMEG,FAB5ULRD3,Normal
2022-06-20_20.12.26_2022-06-20_20.58.51,1655752346,1655755131,SMEG,FAB5ULRD3,Normal
2022-06-20_21.57.34_2022-06-20_22.42.15,1655758654,1655761335,SMEG,FAB5ULRD3,Normal
2022-06-21_01.22.35_2022-06-21_02.06.37,1655770955,1655773597,SMEG,FAB5ULRD3,Normal
2022-06-21_03.04.56_2022-06-21_03.51.15,1655777096,1655779875,SMEG,FAB5ULRD3,Normal
2022-06-21_04.51.28_2022-06-21_05.39.51,1655783488,1655786391,SMEG,FAB5ULRD3,Normal
2022-06-21_06.42.26_2022-06-21_07.26.17,1655790146,1655792777,SMEG,FAB5ULRD3,Normal
2022-06-21_08.27.41_2022-06-21_09.18.06,1655796461,1655799486,SMEG,FAB5ULRD3,Normal
2022-06-21_10.18.36_2022-06-21_11.03.05,1655803116,1655805785,SMEG,FAB5ULRD3,Normal
2022-06-21_12.03.01_2022-06-21_12.49.09,1655809381,1655812149,SMEG,FAB5ULRD3,Normal
2022-06-21_13.49.29_2022-06-21_14.35.12,1655815769,1655818512,SMEG,FAB5ULRD3,Normal
2022-06-21_15.36.01_2022-06-21_16.29.15,1655822161,1655825355,SMEG,FAB5ULRD3,Normal
2022-06-21_17.03.39_2022-06-21_18.00.15,1655827419,1655830815,SMEG,FAB5ULRD3,Normal
2022-06-21_18.37.47_2022-06-21_19.24.21,1655833067,1655835861,SMEG,FAB5ULRD3,Normal
2022-06-21_20.06.46_2022-06-21_20.49.14,1655838406,1655840954,SMEG,FAB5ULRD3,Normal
2022-06-21_21.36.13_2022-06-21_22.27.09,1655843773,1655846829,SMEG,FAB5ULRD3,Normal
2022-06-22_01.05.38_2022-06-22_01.53.56,1655856338,1655859236,SMEG,FAB5ULRD3,Normal
2022-06-22_02.58.44_2022-06-22_03.44.03,1655863124,1655865843,SMEG,FAB5ULRD3,Normal
2022-06-22_04.50.00_2022-06-22_05.39.39,1655869800,1655872779,SMEG,FAB5ULRD3,Normal
2022-06-22_06.46.36_2022-06-22_07.27.59,1655876796,1655879279,SMEG,FAB5ULRD3,Normal
2022-06-22_08.32.03_2022-06-22_09.18.43,1655883123,1655885923,SMEG,FAB5ULRD3,Normal
2022-06-22_10.25.17_2022-06-22_11.09.04,1655889917,1655892544,SMEG,FAB5ULRD3,Normal
2022-06-22_12.05.37_2022-06-22_12.48.41,1655895937,1655898521,SMEG,FAB5ULRD3,Normal
2022-06-22_13.43.20_2022-06-22_14.35.05,1655901800,1655904905,SMEG,FAB5ULRD3,Normal
2022-06-22_15.39.57_2022-06-22_16.31.11,1655908797,1655911871,SMEG,FAB5ULRD3,Normal
2022-06-22_17.38.41_2022-06-22_18.32.26,1655915921,1655919146,SMEG,FAB5ULRD3,Normal
2022-06-22_19.32.07_2022-06-22_20.20.08,1655922727,1655925608,SMEG,FAB5ULRD3,Normal
2022-06-22_21.09.30_2022-06-22_21.53.33,1655928570,1655931213,SMEG,FAB5ULRD3,Normal
2022-06-22_22.53.55_2022-06-22_23.39.00,1655934835,1655937540,SMEG,FAB5ULRD3,Normal
2022-06-23_00.41.03_2022-06-23_01.22.05,1655941263,1655943725,SMEG,FAB5ULRD3,Normal
2022-06-23_02.24.22_2022-06-23_03.07.21,1655947462,1655950041,SMEG,FAB5ULRD3,Normal
2022-06-23_04.11.49_2022-06-23_04.59.19,1655953909,1655956759,SMEG,FAB5ULRD3,Normal
2022-06-23_06.08.10_2022-06-23_06.49.00,1655960890,1655963340,SMEG,FAB5ULRD3,Normal
2022-06-23_07.50.37_2022-06-23_08.37.03,1655967037,1655969823,SMEG,FAB5ULRD3,Normal
2022-06-23_09.31.08_2022-06-23_10.17.02,1655973068,1655975822,SMEG,FAB5ULRD3,Normal
2022-06-23_11.16.43_2022-06-23_12.04.18,1655979403,1655982258,SMEG,FAB5ULRD3,Normal
2022-06-23_12.46.20_2022-06-23_14.04.15,1655984780,1655989455,SMEG,FAB5ULRD3,Malfunction
2022-06-23_14.35.59_2022-06-23_15.26.29,1655991359,1655994389,SMEG,FAB5ULRD3,Normal
2022-06-23_15.54.31_2022-06-23_16.40.58,1655996071,1655998858,SMEG,FAB5ULRD3,Normal
2022-06-23_17.21.21_2022-06-23_18.23.19,1656001281,1656004999,SMEG,FAB5ULRD3,Normal
2022-06-24_13.57.32_2022-06-24_14.44.02,1656075452,1656078242,SMEG,FAB5ULRD3,Normal
2022-06-24_15.48.20_2022-06-24_16.33.30,1656082100,1656084810,SMEG,FAB5ULRD3,Normal
2022-06-24_17.35.07_2022-06-24_18.19.38,1656088507,1656091178,SMEG,FAB5ULRD3,Normal
2022-06-24_19.20.01_2022-06-24_20.02.02,1656094801,1656097322,SMEG,FAB5ULRD3,Normal
2022-06-24_21.01.09_2022-06-24_21.41.49,1656100869,1656103309,SMEG,FAB5ULRD3,Normal
2022-06-24_22.40.37_2022-06-24_23.22.39,1656106837,1656109359,SMEG,FAB5ULRD3,Normal
2022-06-25_00.22.22_2022-06-25_01.07.54,1656112942,1656115674,SMEG,FAB5ULRD3,Normal
2022-06-25_02.10.22_2022-06-25_02.57.21,1656119422,1656122241,SMEG,FAB5ULRD3,Normal
2022-06-25_04.02.13_2022-06-25_04.48.51,1656126133,1656128931,SMEG,FAB5ULRD3,Normal
2022-06-25_05.54.15_2022-06-25_06.37.09,1656132855,1656135429,SMEG,FAB5ULRD3,Normal
2022-06-25_07.40.16_2022-06-25_08.25.01,1656139216,1656141901,SMEG,FAB5ULRD3,Normal
2022-06-25_09.26.49_2022-06-25_10.13.39,1656145609,1656148419,SMEG,FAB5ULRD3,Normal
2022-06-25_11.16.18_2022-06-25_12.01.13,1656152178,1656154873,SMEG,FAB5ULRD3,Normal
2022-06-25_13.05.05_2022-06-25_13.51.25,1656158705,1656161485,SMEG,FAB5ULRD3,Normal
2022-06-25_14.55.55_2022-06-25_15.44.03,1656165355,1656168243,SMEG,FAB5ULRD3,Normal
2022-06-25_16.47.16_2022-06-25_17.34.38,1656172036,1656174878,SMEG,FAB5ULRD3,Normal
2022-06-25_18.37.46_2022-06-25_19.15.08,1656178666,1656180908,SMEG,FAB5ULRD3,Normal
2022-06-25_20.11.53_2022-06-25_20.50.37,1656184313,1656186637,SMEG,FAB5ULRD3,Normal
2022-06-25_21.48.04_2022-06-25_22.25.53,1656190084,1656192353,SMEG,FAB5ULRD3,Normal
2022-06-25_23.23.08_2022-06-25_23.59.52,1656195788,1656197992,SMEG,FAB5ULRD3,Normal
2022-06-26_00.58.31_2022-06-26_01.37.12,1656201511,1656203832,SMEG,FAB5ULRD3,Normal
2022-06-26_02.38.36_2022-06-26_03.19.41,1656207516,1656209981,SMEG,FAB5ULRD3,Normal
2022-06-26_04.24.27_2022-06-26_05.04.21,1656213867,1656216261,SMEG,FAB5ULRD3,Normal
2022-06-26_06.09.55_2022-06-26_06.50.56,1656220195,1656222656,SMEG,FAB5ULRD3,Normal
2022-06-26_07.58.08_2022-06-26_08.39.54,1656226688,1656229194,SMEG,FAB5ULRD3,Normal
2022-06-26_09.42.03_2022-06-26_10.19.08,1656232923,1656235148,SMEG,FAB5ULRD3,Normal
2022-06-26_11.16.38_2022-06-26_11.59.00,1656238598,1656241140,SMEG,FAB5ULRD3,Normal
2022-06-26_12.58.47_2022-06-26_13.42.52,1656244727,1656247372,SMEG,FAB5ULRD3,Normal
2022-06-26_14.45.42_2022-06-26_15.30.50,1656251142,1656253850,SMEG,FAB5ULRD3,Normal
2022-06-26_16.34.19_2022-06-26_17.21.20,1656257659,1656260480,SMEG,FAB5ULRD3,Normal
2022-06-26_18.24.35_2022-06-26_19.06.37,1656264275,1656266797,SMEG,FAB5ULRD3,Normal
2022-06-26_20.08.11_2022-06-26_20.51.50,1656270491,1656273110,SMEG,FAB5ULRD3,Normal
2022-06-26_21.52.33_2022-06-26_22.37.42,1656276753,1656279462,SMEG,FAB5ULRD3,Normal
2022-06-27_01.34.31_2022-06-27_02.19.38,1656290071,1656292778,SMEG,FAB5ULRD3,Normal
2022-06-27_03.29.38_2022-06-27_04.15.56,1656296978,1656299756,SMEG,FAB5ULRD3,Normal
2022-06-27_05.27.24_2022-06-27_06.16.36,1656304044,1656306996,SMEG,FAB5ULRD3,Normal
2022-06-27_07.26.24_2022-06-27_08.10.42,1656311184,1656313842,SMEG,FAB5ULRD3,Normal
2022-06-27_09.10.10_2022-06-27_10.05.25,1656317410,1656320725,SMEG,FAB5ULRD3,Normal
2022-06-27_11.07.11_2022-06-27_11.54.19,1656324431,1656327259,SMEG,FAB5ULRD3,Normal
2022-06-27_12.45.59_2022-06-27_13.40.03,1656330359,1656333603,SMEG,FAB5ULRD3,Normal
2022-06-27_14.35.31_2022-06-27_15.26.00,1656336931,1656339960,SMEG,FAB5ULRD3,Normal
2022-06-27_16.18.52_2022-06-27_17.14.11,1656343132,1656346451,SMEG,FAB5ULRD3,Normal
2022-06-27_18.08.37_2022-06-27_18.58.44,1656349717,1656352724,SMEG,FAB5ULRD3,Normal
2022-06-27_19.58.58_2022-06-27_20.46.19,1656356338,1656359179,SMEG,FAB5ULRD3,Normal
2022-06-27_21.54.29_2022-06-27_22.43.48,1656363269,1656366228,SMEG,FAB5ULRD3,Normal
2022-06-28_01.48.37_2022-06-28_02.30.50,1656377317,1656379850,SMEG,FAB5ULRD3,Normal
2022-06-28_03.37.07_2022-06-28_04.16.11,1656383827,1656386171,SMEG,FAB5ULRD3,Normal
2022-06-28_05.20.40_2022-06-28_06.04.31,1656390040,1656392671,SMEG,FAB5ULRD3,Normal
2022-06-28_07.10.35_2022-06-28_07.57.05,1656396635,1656399425,SMEG,FAB5ULRD3,Normal
2022-06-28_09.03.52_2022-06-28_09.52.36,1656403432,1656406356,SMEG,FAB5ULRD3,Normal
2022-06-28_10.59.00_2022-06-28_11.45.17,1656410340,1656413117,SMEG,FAB5ULRD3,Normal
2022-06-28_12.51.18_2022-06-28_13.37.10,1656417078,1656419830,SMEG,FAB5ULRD3,Normal
2022-06-28_14.42.16_2022-06-28_15.33.26,1656423736,1656426806,SMEG,FAB5ULRD3,Normal
2022-06-28_16.35.13_2022-06-28_17.23.22,1656430513,1656433402,SMEG,FAB5ULRD3,Normal
2022-06-28_18.30.20_2022-06-28_19.21.12,1656437420,1656440472,SMEG,FAB5ULRD3,Normal
2022-06-28_20.28.12_2022-06-28_21.16.17,1656444492,1656447377,SMEG,FAB5ULRD3,Normal
2022-06-28_22.22.52_2022-06-28_23.10.20,1656451372,1656454220,SMEG,FAB5ULRD3,Normal
2022-06-29_00.14.58_2022-06-29_01.00.33,1656458098,1656460833,SMEG,FAB5ULRD3,Normal
2022-06-29_02.04.16_2022-06-29_02.46.41,1656464656,1656467201,SMEG,FAB5ULRD3,Normal
2022-06-29_03.48.44_2022-06-29_04.30.04,1656470924,1656473404,SMEG,FAB5ULRD3,Normal
2022-06-29_05.30.50_2022-06-29_06.16.02,1656477050,1656479762,SMEG,FAB5ULRD3,Normal
2022-06-29_07.20.55_2022-06-29_08.07.54,1656483655,1656486474,SMEG,FAB5ULRD3,Normal
2022-06-29_09.13.20_2022-06-29_09.58.06,1656490400,1656493086,SMEG,FAB5ULRD3,Normal
2022-06-29_10.53.36_2022-06-29_11.38.32,1656496416,1656499112,SMEG,FAB5ULRD3,Normal
2022-06-29_12.42.19_2022-06-29_13.31.20,1656502939,1656505880,SMEG,FAB5ULRD3,Normal
2022-06-29_14.31.44_2022-06-29_15.19.12,1656509504,1656512352,SMEG,FAB5ULRD3,Normal
2022-06-29_16.13.01_2022-06-29_19.09.29,1656515581,1656526169,SMEG,FAB5ULRD3,Malfunction
2022-06-29_19.50.50_2022-06-29_20.45.05,1656528650,1656531905,SMEG,FAB5ULRD3,Normal
2022-06-29_21.33.36_2022-06-29_22.27.12,1656534816,1656538032,SMEG,FAB5ULRD3,Normal
2022-07-01_01.50.51_2022-07-01_02.31.59,1656636651,1656639119,SMEG,FAB5ULRD3,Normal
2022-07-01_03.40.08_2022-07-01_04.20.37,1656643208,1656645637,SMEG,FAB5ULRD3,Normal
2022-07-01_05.28.39_2022-07-01_06.09.50,1656649719,1656652190,SMEG,FAB5ULRD3,Normal
2022-07-01_07.18.55_2022-07-01_08.02.12,1656656335,1656658932,SMEG,FAB5ULRD3,Normal
2022-07-01_08.59.05_2022-07-01_09.52.56,1656662345,1656665576,SMEG,FAB5ULRD3,Normal
2022-07-01_10.50.53_2022-07-01_11.36.26,1656669053,1656671786,SMEG,FAB5ULRD3,Normal
2022-07-01_14.18.53_2022-07-01_15.25.20,1656681533,1656685520,SMEG,FAB5ULRD3,Normal
2022-07-01_16.07.43_2022-07-01_16.56.54,1656688063,1656691014,SMEG,FAB5ULRD3,Normal
2022-07-01_17.50.05_2022-07-01_18.38.08,1656694205,1656697088,SMEG,FAB5ULRD3,Normal
2022-07-01_19.34.10_2022-07-01_20.20.28,1656700450,1656703228,SMEG,FAB5ULRD3,Normal
2022-07-01_21.18.34_2022-07-01_22.03.36,1656706714,1656709416,SMEG,FAB5ULRD3,Normal
2022-07-01_23.02.30_2022-07-01_23.50.22,1656712950,1656715822,SMEG,FAB5ULRD3,Normal
2022-07-02_00.52.04_2022-07-02_01.34.49,1656719524,1656722089,SMEG,FAB5ULRD3,Normal
2022-07-02_02.35.20_2022-07-02_03.16.25,1656725720,1656728185,SMEG,FAB5ULRD3,Normal
2022-07-02_04.18.21_2022-07-02_05.00.42,1656731901,1656734442,SMEG,FAB5ULRD3,Normal
2022-07-02_06.03.27_2022-07-02_06.48.22,1656738207,1656740902,SMEG,FAB5ULRD3,Normal
2022-07-02_07.50.27_2022-07-02_08.39.30,1656744627,1656747570,SMEG,FAB5ULRD3,Normal
2022-07-02_09.42.06_2022-07-02_10.32.32,1656751326,1656754352,SMEG,FAB5ULRD3,Normal
2022-07-02_11.31.52_2022-07-02_12.18.16,1656757912,1656760696,SMEG,FAB5ULRD3,Normal
2022-07-02_13.17.47_2022-07-02_14.11.58,1656764267,1656767518,SMEG,FAB5ULRD3,Normal
2022-07-02_15.14.26_2022-07-02_16.00.11,1656771266,1656774011,SMEG,FAB5ULRD3,Normal
2022-07-02_16.58.26_2022-07-02_17.46.27,1656777506,1656780387,SMEG,FAB5ULRD3,Normal
2022-07-02_18.44.40_2022-07-02_19.30.03,1656783880,1656786603,SMEG,FAB5ULRD3,Normal
2022-07-02_20.27.53_2022-07-02_21.16.48,1656790073,1656793008,SMEG,FAB5ULRD3,Normal
2022-07-02_22.15.03_2022-07-02_22.59.52,1656796503,1656799192,SMEG,FAB5ULRD3,Normal
2022-07-03_01.43.37_2022-07-03_02.28.31,1656809017,1656811711,SMEG,FAB5ULRD3,Normal
2022-07-03_03.28.36_2022-07-03_04.13.20,1656815316,1656818000,SMEG,FAB5ULRD3,Normal
2022-07-03_05.12.31_2022-07-03_05.57.38,1656821551,1656824258,SMEG,FAB5ULRD3,Normal
2022-07-03_06.57.52_2022-07-03_07.39.54,1656827872,1656830394,SMEG,FAB5ULRD3,Normal
2022-07-03_08.38.51_2022-07-03_09.25.05,1656833931,1656836705,SMEG,FAB5ULRD3,Normal
2022-07-03_10.25.47_2022-07-03_11.11.51,1656840347,1656843111,SMEG,FAB5ULRD3,Normal
2022-07-03_12.12.59_2022-07-03_12.56.51,1656846779,1656849411,SMEG,FAB5ULRD3,Normal
2022-07-03_13.54.23_2022-07-03_14.42.50,1656852863,1656855770,SMEG,FAB5ULRD3,Normal
2022-07-03_15.40.29_2022-07-03_16.24.41,1656859229,1656861881,SMEG,FAB5ULRD3,Normal
2022-07-03_17.20.04_2022-07-03_18.04.28,1656865204,1656867868,SMEG,FAB5ULRD3,Normal
2022-07-03_18.59.19_2022-07-03_19.42.08,1656871159,1656873728,SMEG,FAB5ULRD3,Normal
2022-07-03_20.36.33_2022-07-03_21.20.13,1656876993,1656879613,SMEG,FAB5ULRD3,Normal
2022-07-03_22.14.42_2022-07-03_22.57.29,1656882882,1656885449,SMEG,FAB5ULRD3,Normal
2022-07-04_01.32.56_2022-07-04_02.17.36,1656894776,1656897456,SMEG,FAB5ULRD3,Normal
2022-07-04_03.15.09_2022-07-04_03.59.46,1656900909,1656903586,SMEG,FAB5ULRD3,Normal
2022-07-04_04.57.32_2022-07-04_05.39.56,1656907052,1656909596,SMEG,FAB5ULRD3,Normal
2022-07-04_06.37.09_2022-07-04_07.22.47,1656913029,1656915767,SMEG,FAB5ULRD3,Normal
2022-07-04_08.14.32_2022-07-04_09.01.31,1656918872,1656921691,SMEG,FAB5ULRD3,Normal
2022-07-04_11.04.42_2022-07-04_12.18.45,1656929082,1656933525,SMEG,FAB5ULRD3,Malfunction
2022-07-04_12.53.59_2022-07-04_17.50.24,1656935639,1656953424,SMEG,FAB5ULRD3,Malfunction
2022-07-04_18.23.33_2022-07-04_19.14.37,1656955413,1656958477,SMEG,FAB5ULRD3,Normal
2022-07-04_19.49.25_2022-07-04_20.48.03,1656960565,1656964083,SMEG,FAB5ULRD3,Normal
2022-07-04_21.26.53_2022-07-04_22.15.56,1656966413,1656969356,SMEG,FAB5ULRD3,Normal
2022-07-04_22.57.24_2022-07-04_23.45.25,1656971844,1656974725,SMEG,FAB5ULRD3,Normal
2022-07-05_00.29.46_2022-07-05_01.11.56,1656977386,1656979916,SMEG,FAB5ULRD3,Normal
2022-07-05_01.57.33_2022-07-05_02.38.27,1656982653,1656985107,SMEG,FAB5ULRD3,Normal
2022-07-05_03.25.32_2022-07-05_04.07.40,1656987932,1656990460,SMEG,FAB5ULRD3,Normal
2022-07-05_04.56.52_2022-07-05_05.39.40,1656993412,1656995980,SMEG,FAB5ULRD3,Normal
2022-07-05_06.30.07_2022-07-05_07.46.56,1656999007,1657003616,SMEG,FAB5ULRD3,Malfunction
2022-07-05_09.33.56_2022-07-05_10.56.43,1657010036,1657015003,SMEG,FAB5ULRD3,Malfunction
2022-07-05_11.57.51_2022-07-05_12.54.21,1657018671,1657022061,SMEG,FAB5ULRD3,Normal
2022-07-05_13.30.30_2022-07-05_15.02.04,1657024230,1657029724,SMEG,FAB5ULRD3,Malfunction
2022-07-05_15.37.04_2022-07-05_17.44.21,1657031824,1657039461,SMEG,FAB5ULRD3,Malfunction
2022-07-05_18.12.22_2022-07-05_19.24.23,1657041142,1657045463,SMEG,FAB5ULRD3,Normal
2022-07-05_19.56.26_2022-07-05_20.57.46,1657047386,1657051066,SMEG,FAB5ULRD3,Normal
2022-07-05_21.34.24_2022-07-05_22.24.02,1657053264,1657056242,SMEG,FAB5ULRD3,Normal
2022-07-05_23.03.42_2022-07-05_23.56.29,1657058622,1657061789,SMEG,FAB5ULRD3,Normal
2022-07-06_00.40.03_2022-07-06_01.26.23,1657064403,1657067183,SMEG,FAB5ULRD3,Normal
2022-07-06_02.12.03_2022-07-06_02.55.47,1657069923,1657072547,SMEG,FAB5ULRD3,Normal
2022-07-06_03.44.54_2022-07-06_04.26.00,1657075494,1657077960,SMEG,FAB5ULRD3,Normal
2022-07-06_05.15.43_2022-07-06_06.04.05,1657080943,1657083845,SMEG,FAB5ULRD3,Normal
2022-07-06_06.57.20_2022-07-06_07.41.34,1657087040,1657089694,SMEG,FAB5ULRD3,Normal
2022-07-06_08.28.27_2022-07-06_09.18.58,1657092507,1657095538,SMEG,FAB5ULRD3,Normal
2022-07-06_09.59.28_2022-07-06_10.45.32,1657097968,1657100732,SMEG,FAB5ULRD3,Normal
2022-07-06_11.33.10_2022-07-06_12.21.22,1657103590,1657106482,SMEG,FAB5ULRD3,Normal
2022-07-06_13.12.11_2022-07-06_14.43.17,1657109531,1657114997,SMEG,FAB5ULRD3,Malfunction
2022-07-06_15.21.02_2022-07-06_16.23.55,1657117262,1657121035,SMEG,FAB5ULRD3,Normal
2022-07-06_17.02.49_2022-07-06_17.54.15,1657123369,1657126455,SMEG,FAB5ULRD3,Normal
2022-07-06_18.34.12_2022-07-06_19.24.11,1657128852,1657131851,SMEG,FAB5ULRD3,Normal
2022-07-06_20.04.16_2022-07-06_20.51.20,1657134256,1657137080,SMEG,FAB5ULRD3,Normal
2022-07-06_21.40.32_2022-07-06_22.29.31,1657140032,1657142971,SMEG,FAB5ULRD3,Normal
2022-07-07_00.58.25_2022-07-07_01.41.03,1657151905,1657154463,SMEG,FAB5ULRD3,Normal
2022-07-07_02.29.09_2022-07-07_03.11.40,1657157349,1657159900,SMEG,FAB5ULRD3,Normal
2022-07-07_04.01.01_2022-07-07_04.42.58,1657162861,1657165378,SMEG,FAB5ULRD3,Normal
2022-07-07_05.36.34_2022-07-07_06.19.51,1657168594,1657171191,SMEG,FAB5ULRD3,Normal
2022-07-07_07.16.08_2022-07-07_08.04.57,1657174568,1657177497,SMEG,FAB5ULRD3,Malfunction
2022-07-07_12.25.31_2022-07-07_14.57.57,1657193131,1657202277,SMEG,FAB5ULRD3,Malfunction
2022-07-07_15.38.42_2022-07-07_17.01.54,1657204722,1657209714,SMEG,FAB5ULRD3,Malfunction
2022-07-07_17.44.19_2022-07-07_18.36.41,1657212259,1657215401,SMEG,FAB5ULRD3,Normal
2022-07-07_19.17.50_2022-07-07_20.13.18,1657217870,1657221198,SMEG,FAB5ULRD3,Normal
2022-07-07_20.56.50_2022-07-07_21.50.51,1657223810,1657227051,SMEG,FAB5ULRD3,Normal
2022-07-07_22.41.08_2022-07-07_23.31.29,1657230068,1657233089,SMEG,FAB5ULRD3,Normal
2022-07-08_00.14.58_2022-07-08_01.06.02,1657235698,1657238762,SMEG,FAB5ULRD3,Normal
2022-07-08_01.53.55_2022-07-08_02.39.56,1657241635,1657244396,SMEG,FAB5ULRD3,Normal
2022-07-08_03.26.56_2022-07-08_04.13.27,1657247216,1657250007,SMEG,FAB5ULRD3,Normal
2022-07-08_05.02.55_2022-07-08_05.49.34,1657252975,1657255774,SMEG,FAB5ULRD3,Normal
2022-07-08_06.37.05_2022-07-08_07.26.37,1657258625,1657261597,SMEG,FAB5ULRD3,Normal
2022-07-08_08.15.52_2022-07-08_10.05.04,1657264552,1657271104,SMEG,FAB5ULRD3,Normal
2022-07-08_10.43.07_2022-07-08_13.46.31,1657273387,1657284391,SMEG,FAB5ULRD3,Normal
2022-07-08_14.25.58_2022-07-08_18.13.18,1657286758,1657300398,SMEG,FAB5ULRD3,Normal
2022-07-08_18.38.47_2022-07-08_21.16.31,1657301927,1657311391,SMEG,FAB5ULRD3,Normal
2022-07-08_21.49.58_2022-07-08_22.51.00,1657313398,1657317060,SMEG,FAB5ULRD3,Normal
2022-07-09_00.53.02_2022-07-09_01.35.59,1657324382,1657326959,SMEG,FAB5ULRD3,Normal
2022-07-09_02.08.24_2022-07-09_02.49.23,1657328904,1657331363,SMEG,FAB5ULRD3,Normal
2022-07-09_03.23.21_2022-07-09_04.07.16,1657333401,1657336036,SMEG,FAB5ULRD3,Normal
2022-07-09_04.40.59_2022-07-09_05.20.40,1657338059,1657340440,SMEG,FAB5ULRD3,Normal
2022-07-09_06.00.42_2022-07-09_06.43.15,1657342842,1657345395,SMEG,FAB5ULRD3,Normal
2022-07-09_07.20.26_2022-07-09_08.00.09,1657347626,1657350009,SMEG,FAB5ULRD3,Normal
2022-07-09_08.36.54_2022-07-09_09.18.26,1657352214,1657354706,SMEG,FAB5ULRD3,Normal
2022-07-09_09.57.02_2022-07-09_10.44.37,1657357022,1657359877,SMEG,FAB5ULRD3,Normal
2022-07-09_11.23.53_2022-07-09_12.15.06,1657362233,1657365306,SMEG,FAB5ULRD3,Normal
2022-07-09_12.54.41_2022-07-09_13.38.45,1657367681,1657370325,SMEG,FAB5ULRD3,Normal
2022-07-09_14.17.23_2022-07-09_15.01.14,1657372643,1657375274,SMEG,FAB5ULRD3,Normal
2022-07-09_15.38.33_2022-07-09_16.20.11,1657377513,1657380011,SMEG,FAB5ULRD3,Normal
2022-07-09_16.58.49_2022-07-09_17.44.22,1657382329,1657385062,SMEG,FAB5ULRD3,Normal
2022-07-09_18.22.21_2022-07-09_19.04.02,1657387341,1657389842,SMEG,FAB5ULRD3,Normal
2022-07-09_19.44.49_2022-07-09_20.29.23,1657392289,1657394963,SMEG,FAB5ULRD3,Normal
2022-07-09_21.06.53_2022-07-09_21.46.52,1657397213,1657399612,SMEG,FAB5ULRD3,Normal
2022-07-09_22.24.27_2022-07-09_23.05.17,1657401867,1657404317,SMEG,FAB5ULRD3,Normal
2022-07-10_01.07.20_2022-07-10_01.48.42,1657411640,1657414122,SMEG,FAB5ULRD3,Normal
2022-07-10_02.29.37_2022-07-10_03.09.06,1657416577,1657418946,SMEG,FAB5ULRD3,Normal
2022-07-10_03.46.48_2022-07-10_04.26.01,1657421208,1657423561,SMEG,FAB5ULRD3,Normal
2022-07-10_05.03.32_2022-07-10_05.46.37,1657425812,1657428397,SMEG,FAB5ULRD3,Normal
2022-07-10_06.28.20_2022-07-10_07.07.15,1657430900,1657433235,SMEG,FAB5ULRD3,Normal
2022-07-10_07.46.13_2022-07-10_08.28.44,1657435573,1657438124,SMEG,FAB5ULRD3,Normal
2022-07-10_09.12.24_2022-07-10_09.58.28,1657440744,1657443508,SMEG,FAB5ULRD3,Normal
2022-07-10_10.42.21_2022-07-10_11.26.41,1657446141,1657448801,SMEG,FAB5ULRD3,Normal
2022-07-10_12.06.07_2022-07-10_12.48.29,1657451167,1657453709,SMEG,FAB5ULRD3,Normal
2022-07-10_13.26.39_2022-07-10_14.09.14,1657455999,1657458554,SMEG,FAB5ULRD3,Normal
2022-07-10_14.49.40_2022-07-10_15.33.52,1657460980,1657463632,SMEG,FAB5ULRD3,Normal
2022-07-10_16.12.43_2022-07-10_16.55.26,1657465963,1657468526,SMEG,FAB5ULRD3,Normal
2022-07-10_17.38.55_2022-07-10_18.27.01,1657471135,1657474021,SMEG,FAB5ULRD3,Normal
2022-07-10_19.09.51_2022-07-10_19.50.28,1657476591,1657479028,SMEG,FAB5ULRD3,Normal
2022-07-10_20.26.37_2022-07-10_21.05.06,1657481197,1657483506,SMEG,FAB5ULRD3,Normal
2022-07-10_21.43.44_2022-07-10_22.24.02,1657485824,1657488242,SMEG,FAB5ULRD3,Normal
2022-07-10_23.01.30_2022-07-10_23.40.22,1657490490,1657492822,SMEG,FAB5ULRD3,Normal
2022-07-11_00.21.21_2022-07-11_01.00.56,1657495281,1657497656,SMEG,FAB5ULRD3,Normal
2022-07-11_01.38.57_2022-07-11_02.16.45,1657499937,1657502205,SMEG,FAB5ULRD3,Normal
2022-07-11_02.56.19_2022-07-11_03.30.23,1657504579,1657506623,SMEG,FAB5ULRD3,Normal
2022-07-11_04.11.50_2022-07-11_04.49.12,1657509110,1657511352,SMEG,FAB5ULRD3,Normal
2022-07-11_06.46.28_2022-07-11_07.31.05,1657518388,1657521065,SMEG,FAB5ULRD3,Normal
2022-07-11_08.16.26_2022-07-11_09.02.43,1657523786,1657526563,SMEG,FAB5ULRD3,Normal
2022-07-11_09.32.36_2022-07-11_10.24.32,1657528356,1657531472,SMEG,FAB5ULRD3,Normal
2022-07-11_10.56.16_2022-07-11_11.41.51,1657533376,1657536111,SMEG,FAB5ULRD3,Normal
2022-07-11_12.17.07_2022-07-11_13.11.05,1657538227,1657541465,SMEG,FAB5ULRD3,Normal
2022-07-11_13.44.32_2022-07-11_14.40.09,1657543472,1657546809,SMEG,FAB5ULRD3,Normal
2022-07-11_15.20.24_2022-07-11_16.28.27,1657549224,1657553307,SMEG,FAB5ULRD3,Malfunction
2022-07-11_16.56.02_2022-07-11_17.37.52,1657554962,1657557472,SMEG,FAB5ULRD3,Normal
2022-07-11_18.11.19_2022-07-11_18.54.30,1657559479,1657562070,SMEG,FAB5ULRD3,Normal
2022-07-11_19.35.29_2022-07-11_20.18.34,1657564529,1657567114,SMEG,FAB5ULRD3,Normal
2022-07-11_20.49.49_2022-07-11_21.34.53,1657568989,1657571693,SMEG,FAB5ULRD3,Normal
2022-07-11_22.11.31_2022-07-11_22.46.37,1657573891,1657575997,SMEG,FAB5ULRD3,Normal
2022-07-11_23.21.29_2022-07-11_23.59.34,1657578089,1657580374,SMEG,FAB5ULRD3,Normal
2022-09-07_01.39.30_2022-09-07_02.44.11,1662511170,1662515051,SMEG,FAB5ULRD3,Normal
2022-09-07_04.26.43_2022-09-07_05.27.59,1662521203,1662524879,SMEG,FAB5ULRD3,Normal
2022-09-07_07.09.46_2022-09-07_08.12.03,1662530986,1662534723,SMEG,FAB5ULRD3,Normal
2022-09-07_09.02.23_2022-09-07_10.04.23,1662537743,1662541463,SMEG,FAB5ULRD3,Normal
2022-09-07_12.10.32_2022-09-07_13.28.55,1662549032,1662553735,SMEG,FAB5ULRD3,Normal
2022-09-07_15.32.18_2022-09-07_16.59.41,1662561138,1662566381,SMEG,FAB5ULRD3,Normal
2022-09-07_19.02.41_2022-09-07_20.15.53,1662573761,1662578153,SMEG,FAB5ULRD3,Normal
2022-09-07_22.17.34_2022-09-07_23.26.59,1662585454,1662589619,SMEG,FAB5ULRD3,Normal
2022-09-08_01.28.35_2022-09-08_02.39.58,1662596915,1662601198,SMEG,FAB5ULRD3,Normal
2022-09-08_04.50.59_2022-09-08_05.58.17,1662609059,1662613097,SMEG,FAB5ULRD3,Normal
2022-09-08_08.10.00_2022-09-08_09.18.53,1662621000,1662625133,SMEG,FAB5ULRD3,Normal
2022-09-08_11.18.25_2022-09-08_12.45.08,1662632305,1662637508,SMEG,FAB5ULRD3,Normal
2022-09-08_14.16.14_2022-09-08_15.26.05,1662642974,1662647165,SMEG,FAB5ULRD3,Normal
2022-09-08_20.23.56_2022-09-08_21.38.23,1662665036,1662669503,SMEG,FAB5ULRD3,Normal
2022-09-09_03.10.11_2022-09-09_04.17.58,1662689411,1662693478,SMEG,FAB5ULRD3,Normal
2022-09-09_06.29.55_2022-09-09_07.46.25,1662701395,1662705985,SMEG,FAB5ULRD3,Normal
2022-09-09_10.03.20_2022-09-09_11.34.02,1662714200,1662719642,SMEG,FAB5ULRD3,Normal
2022-09-09_13.03.19_2022-09-09_14.16.28,1662724999,1662729388,SMEG,FAB5ULRD3,Normal
2022-09-09_21.39.39_2022-09-09_22.56.28,1662755979,1662760588,SMEG,FAB5ULRD3,Normal
2022-09-10_01.04.45_2022-09-10_02.13.08,1662768285,1662772388,SMEG,FAB5ULRD3,Normal
2022-09-10_04.23.53_2022-09-10_05.32.47,1662780233,1662784367,SMEG,FAB5ULRD3,Normal
2022-09-10_07.43.14_2022-09-10_08.55.58,1662792194,1662796558,SMEG,FAB5ULRD3,Normal
2022-09-10_10.58.06_2022-09-10_12.17.13,1662803886,1662808633,SMEG,FAB5ULRD3,Normal
2022-09-10_14.26.23_2022-09-10_15.46.54,1662816383,1662821214,SMEG,FAB5ULRD3,Normal
2022-09-10_17.56.16_2022-09-10_19.13.00,1662828976,1662833580,SMEG,FAB5ULRD3,Normal
2022-09-10_21.21.34_2022-09-10_22.35.28,1662841294,1662845728,SMEG,FAB5ULRD3,Normal
2022-09-11_00.46.01_2022-09-11_01.59.34,1662853561,1662857974,SMEG,FAB5ULRD3,Normal
2022-09-11_04.12.51_2022-09-11_05.22.51,1662865971,1662870171,SMEG,FAB5ULRD3,Normal
2022-09-11_07.36.57_2022-09-11_08.49.02,1662878217,1662882542,SMEG,FAB5ULRD3,Normal
2022-09-11_10.52.39_2022-09-11_12.08.57,1662889959,1662894537,SMEG,FAB5ULRD3,Normal
2022-09-11_14.09.40_2022-09-11_15.26.48,1662901780,1662906408,SMEG,FAB5ULRD3,Normal
2022-09-11_17.28.58_2022-09-11_18.45.17,1662913738,1662918317,SMEG,FAB5ULRD3,Normal
2022-09-11_20.49.26_2022-09-11_22.04.37,1662925766,1662930277,SMEG,FAB5ULRD3,Normal
2022-09-12_00.09.02_2022-09-12_01.21.00,1662937742,1662942060,SMEG,FAB5ULRD3,Normal
2022-09-12_03.25.11_2022-09-12_04.36.09,1662949511,1662953769,SMEG,FAB5ULRD3,Normal
2022-09-12_06.38.58_2022-09-12_07.52.10,1662961138,1662965530,SMEG,FAB5ULRD3,Normal
2022-09-12_09.15.00_2022-09-12_10.15.06,1662970500,1662974106,SMEG,FAB5ULRD3,Normal
2022-09-12_11.11.56_2022-09-12_11.59.21,1662977516,1662980361,SMEG,FAB5ULRD3,Normal
2022-09-12_12.54.43_2022-09-12_13.38.50,1662983683,1662986330,SMEG,FAB5ULRD3,Normal
2022-09-12_14.30.03_2022-09-12_15.16.02,1662989403,1662992162,SMEG,FAB5ULRD3,Normal
2022-09-12_16.07.47_2022-09-12_16.52.25,1662995267,1662997945,SMEG,FAB5ULRD3,Normal
2022-09-12_17.44.06_2022-09-12_18.24.26,1663001046,1663003466,SMEG,FAB5ULRD3,Normal
2022-09-12_19.12.50_2022-09-12_19.58.08,1663006370,1663009088,SMEG,FAB5ULRD3,Normal
2022-09-12_20.48.53_2022-09-12_21.32.05,1663012133,1663014725,SMEG,FAB5ULRD3,Normal
2022-09-12_22.25.12_2022-09-12_23.05.38,1663017912,1663020338,SMEG,FAB5ULRD3,Normal
2022-09-13_01.39.18_2022-09-13_02.24.18,1663029558,1663032258,SMEG,FAB5ULRD3,Normal
2022-09-13_03.17.05_2022-09-13_03.59.38,1663035425,1663037978,SMEG,FAB5ULRD3,Normal
2022-09-13_04.51.20_2022-09-13_05.33.24,1663041080,1663043604,SMEG,FAB5ULRD3,Normal
2022-09-13_06.26.37_2022-09-13_07.11.27,1663046797,1663049487,SMEG,FAB5ULRD3,Normal
2022-09-13_08.06.08_2022-09-13_08.51.05,1663052768,1663055465,SMEG,FAB5ULRD3,Normal
2022-09-13_09.45.26_2022-09-13_10.30.04,1663058726,1663061404,SMEG,FAB5ULRD3,Normal
2022-09-13_11.18.43_2022-09-13_12.11.44,1663064323,1663067504,SMEG,FAB5ULRD3,Normal
2022-09-13_13.10.58_2022-09-13_14.02.18,1663071058,1663074138,SMEG,FAB5ULRD3,Normal
2022-09-13_14.59.45_2022-09-13_15.49.50,1663077585,1663080590,SMEG,FAB5ULRD3,Normal
2022-09-13_16.39.30_2022-09-13_17.49.48,1663083570,1663087788,SMEG,FAB5ULRD3,Normal
2022-09-13_18.35.01_2022-09-13_19.26.41,1663090501,1663093601,SMEG,FAB5ULRD3,Normal
2022-09-13_20.27.03_2022-09-13_21.23.59,1663097223,1663100639,SMEG,FAB5ULRD3,Normal
2022-09-13_22.22.10_2022-09-13_23.13.39,1663104130,1663107219,SMEG,FAB5ULRD3,Normal
2022-09-14_00.11.01_2022-09-14_00.59.31,1663110661,1663113571,SMEG,FAB5ULRD3,Normal
2022-09-14_01.58.44_2022-09-14_02.49.39,1663117124,1663120179,SMEG,FAB5ULRD3,Normal
2022-09-14_03.49.18_2022-09-14_04.38.05,1663123758,1663126685,SMEG,FAB5ULRD3,Normal
2022-09-14_05.35.03_2022-09-14_06.26.38,1663130103,1663133198,SMEG,FAB5ULRD3,Normal
2022-09-14_07.24.04_2022-09-14_08.14.17,1663136644,1663139657,SMEG,FAB5ULRD3,Normal
2022-09-14_09.15.04_2022-09-14_10.04.51,1663143304,1663146291,SMEG,FAB5ULRD3,Normal
2022-09-14_11.06.59_2022-09-14_11.57.14,1663150019,1663153034,SMEG,FAB5ULRD3,Normal
2022-09-14_13.00.11_2022-09-14_13.56.41,1663156811,1663160201,SMEG,FAB5ULRD3,Normal
2022-09-14_14.54.29_2022-09-14_15.47.48,1663163669,1663166868,SMEG,FAB5ULRD3,Normal
2022-09-14_16.45.54_2022-09-14_17.39.32,1663170354,1663173572,SMEG,FAB5ULRD3,Normal
2022-09-14_18.37.26_2022-09-14_19.28.40,1663177046,1663180120,SMEG,FAB5ULRD3,Normal
2022-09-14_20.27.05_2022-09-14_21.16.24,1663183625,1663186584,SMEG,FAB5ULRD3,Normal
2022-09-14_22.17.18_2022-09-14_23.06.11,1663190238,1663193171,SMEG,FAB5ULRD3,Normal
